Rk,Player,Age,Team,Pos,G,MP,TRB,AST,STL,BLK,TOV,PF,PTS,ORtg,DRtg,OWS,DWS,WS,WS/48,BPM,VORP,PER,Salary
174,A.J. Green,23,MIL,SG,35,9.9,1.3,0.6,0.2,0,0.3,0.9,4.4,121,115,0.5,0.3,0.8,0.111,-0.9,0.1,11.5,20690909
284,A.J. Lawson,22,2TM,SG,15,7.2,1.4,0.1,0.1,0,0.2,0.7,3.7,112,118,0.1,0.1,0.1,0.063,-4.4,-0.1,13.9,1968175
169,Aaron Gordon,27,DEN,PF,68,30.2,6.6,3,0.8,0.8,1.4,1.9,16.3,124,115,4.6,2.2,6.8,0.158,2.1,2.1,19.5,3804360
213,Aaron Holiday,26,ATL,PG,63,13.4,1.2,1.4,0.6,0.2,0.6,1.3,3.9,110,117,0.3,0.6,0.9,0.053,-2,0,9.4,1563518
358,Aaron Nesmith,23,IND,SF,73,24.9,3.8,1.3,0.8,0.5,1,3.2,10.1,111,119,0.9,1.1,2,0.052,-3,-0.4,10.5,877940
512,Aaron Wiggins,24,OKC,SG,70,18.5,3,1.1,0.6,0.2,0.8,1.6,6.8,119,116,1.4,1.2,2.6,0.097,-2.1,0,12.2,508891
433,Admiral Schofield,25,ORL,PF,37,12.2,1.7,0.8,0.2,0.1,0.4,1.6,4.2,120,117,0.5,0.3,0.8,0.089,-2.9,-0.1,10.1,3536160
182,AJ Griffin,19,ATL,SF,72,19.5,2.1,1,0.6,0.2,0.6,1.2,8.9,116,119,1.3,0.9,2.2,0.075,-0.8,0.4,12.6,371432
217,Al Horford,36,BOS,C,63,30.5,6.2,3,0.5,1,0.6,1.9,9.8,133,112,3.6,2.7,6.3,0.157,3.3,2.5,13.8,26500000
72,Alec Burks,31,DET,SG,51,22,3.1,2.2,0.7,0.2,1.1,1.9,12.8,120,119,1.9,0.6,2.5,0.109,1.2,0.9,16.5,10012800
387,Aleksej Pokusevski,21,OKC,PF,34,20.6,4.7,1.9,0.6,1.3,1.3,1.7,8.1,105,112,0,1,1,0.066,0,0.3,13.4,3261480
86,Alex Caruso,28,CHI,PG,67,23.5,2.9,2.9,1.5,0.7,1.1,2.4,5.6,115,109,1,2.6,3.6,0.109,1.1,1.2,11.5,9030000
287,Alex Len,29,SAC,C,26,6.2,2.3,0.5,0.2,0.4,0.6,1.1,1.7,109,112,0.1,0.2,0.3,0.085,-4,-0.1,12.8,3918600
242,Alize Johnson,26,SAS,PF,4,7.5,2.5,0.3,0.3,0,1,0.8,1.8,74,117,-0.1,0,-0.1,-0.099,-9.1,-0.1,4.3,192293
515,Alondes Williams,23,BRK,SG,1,5,1,0,0,0,2,1,0,0,117,-0.1,0,-0.1,-0.517,-26.5,0,-20.9,254446
437,Alperen ?engün,20,HOU,C,75,28.9,9,3.9,0.9,0.9,2.6,3.4,14.8,118,117,3.4,1.8,5.2,0.115,1.4,1.9,19.7,3375360
95,Amir Coffey,25,LAC,SF,50,12.5,1.1,1.1,0.1,0.1,0.4,1,3.4,108,120,0.1,0.3,0.4,0.033,-5,-0.5,7,3395062
133,Andre Drummond,29,CHI,C,67,12.7,6.6,0.5,0.7,0.4,1.1,1.7,6,113,103,0.8,2,2.8,0.159,-0.8,0.3,20.8,3200000
227,Andre Iguodala,39,GSW,PF,8,14.1,2.1,2.4,0.5,0.4,1.1,1.4,2.1,102,114,0,0.1,0.1,0.044,-2.5,0,7.3,2905851
357,Andrew Nembhard,23,IND,SG,75,27.6,2.7,4.5,0.9,0.2,1.7,2.4,9.5,108,120,0.4,0.8,1.2,0.029,-3.2,-0.6,10,2244111
513,Andrew Wiggins,27,GSW,SF,37,32.2,5,2.3,1.2,0.8,1.3,2.9,17.1,113,114,1,1.3,2.3,0.091,-0.5,0.5,14.7,33616770
447,Anfernee Simons,23,POR,SG,62,35,2.6,4.1,0.7,0.2,2.1,2.3,21.1,113,123,2.1,0.3,2.5,0.054,-1.1,0.5,14.8,22321429
110,Anthony Davis,29,LAL,C,56,34,12.5,2.6,1.1,2,2.2,2.6,25.9,124,108,5.5,3.4,9,0.226,6.3,4,27.8,37980720
140,Anthony Edwards,21,MIN,SG,79,36,5.8,4.4,1.6,0.7,3.3,2.4,24.6,106,113,0.2,3.6,3.8,0.064,1,2.1,17.4,10733400
165,Anthony Gill,30,WAS,PF,59,10.6,1.7,0.6,0.1,0.2,0.3,1.2,3.3,127,119,1,0.4,1.3,0.101,-3.3,-0.2,11.1,1836090
279,Anthony Lamb,25,GSW,SF,62,19.3,3.5,1.5,0.5,0.3,0.9,2.2,6.7,119,115,1.2,1.2,2.4,0.096,-1.1,0.3,10.9,694878
406,Austin Reaves,24,LAL,SG,64,28.8,3,3.4,0.5,0.3,1.5,1.7,13,129,117,4.1,1.4,5.4,0.142,0.7,1.2,14.9,1563518
414,Austin Rivers,30,MIN,SG,52,19.5,1.6,1.4,0.5,0.1,0.4,1.5,4.9,115,117,0.5,0.8,1.3,0.061,-2.8,-0.2,7.4,2905851
128,Ayo Dosunmu,23,CHI,SG,80,26.2,2.8,2.6,0.8,0.3,1.2,2.3,8.6,109,115,0.7,2.2,2.9,0.067,-2.5,-0.2,10.2,1563518
3,Bam Adebayo,25,MIA,C,75,34.6,9.2,3.2,1.2,0.8,2.5,2.8,20.4,115,111,3.6,3.8,7.4,0.137,1.5,2.3,20.1,30351780
444,Ben Simmons,26,BRK,PG,42,26.3,6.3,6.1,1.3,0.6,2.3,3.3,6.9,110,110,0.5,1.7,2.2,0.097,0.4,0.7,13.4,35448672
314,Bennedict Mathurin,20,IND,SG,78,28.5,4.1,1.5,0.6,0.2,1.9,2.1,16.7,109,121,1,0.8,1.8,0.038,-3.7,-1,13.1,6586800
43,Bismack Biyombo,30,PHO,C,61,14.3,4.3,0.9,0.3,1.4,0.8,1.9,4.3,109,108,0.2,1.6,1.9,0.102,-0.9,0.2,14.4,2905851
183,Blake Griffin,33,BOS,C,41,13.9,3.8,1.5,0.3,0.2,0.5,1.8,4.1,127,111,1,0.8,1.8,0.153,0.1,0.3,13.1,2905851
506,Blake Wesley,19,SAS,SG,37,18.1,2.2,2.6,0.7,0.1,1.8,1.8,5,80,120,-1.9,0.3,-1.6,-0.114,-9.6,-1.3,3.5,2385480
306,Boban Marjanovi?,34,HOU,C,31,5.5,1.9,0.3,0.2,0.1,0.5,0.3,3.3,127,117,0.4,0.1,0.6,0.158,1.6,0.2,23.4,4101478
392,Bobby Portis,27,MIL,PF,70,26,9.6,1.5,0.4,0.2,1.2,1.6,14.1,117,110,2.5,2.8,5.3,0.139,0.7,1.2,17.8,10843350
45,Bogdan Bogdanovi?,30,ATL,SG,54,27.9,3.1,2.8,0.8,0.3,1.2,1.6,14,117,118,1.8,1,2.8,0.088,0.5,0.9,14.2,18000000
46,Bojan Bogdanovi?,33,DET,PF,59,32.1,3.8,2.6,0.6,0.1,2.3,1.9,21.6,118,122,3.1,0.4,3.5,0.09,0.8,1.4,17.4,19550000
47,Bol Bol,23,ORL,PF,70,21.5,5.8,1,0.4,1.2,1.6,1.3,9.1,106,111,0,2.2,2.3,0.072,-0.9,0.4,14.4,2200000
225,Bones Hyland,22,2TM,PG,56,19.4,2.4,3.1,0.7,0.3,1.5,1.7,11.8,107,115,0.3,1.1,1.4,0.062,-0.8,0.3,14.9,2201520
35,Bradley Beal,29,WAS,SG,50,33.5,3.9,5.4,0.9,0.7,2.9,2.1,23.2,114,117,2.2,1.2,3.4,0.099,1.8,1.6,19.7,43279250
92,Brandon Clarke,26,MEM,PF,56,19.5,5.5,1.3,0.6,0.7,1,2.3,10,131,109,2.7,1.8,4.5,0.199,2.5,1.3,20,4343919
229,Brandon Ingram,25,NOP,SF,45,34.2,5.5,5.8,0.7,0.4,3.3,2.6,24.7,112,114,1.8,1.7,3.5,0.108,1.7,1.5,19.2,31650600
266,Braxton Key,25,DET,SF,3,3,0.3,0,0,0,0,0,1.3,227,124,0,0,0,0.242,2.9,0,18.6,201802
297,Brook Lopez,34,MIL,C,78,30.4,6.7,1.3,0.5,2.5,1.4,2.6,15.9,122,109,4.1,3.9,8,0.161,2.1,2.5,18.4,13906976
62,Bruce Brown,26,DEN,SF,80,28.5,4.1,3.4,1.1,0.6,1.5,2.4,11.5,113,114,1.7,2.6,4.3,0.09,-0.5,0.9,13.3,6479000
145,Bruno Fernando,24,2TM,C,39,10.4,3.5,0.8,0.2,0.9,0.6,1.9,3.9,118,115,0.5,0.4,0.9,0.109,-2,0,16.6,2717391
326,Bryce McGowens,20,CHO,SG,46,17.1,2,1.2,0.3,0.1,0.9,1,5.3,100,119,-0.4,0.4,0.1,0.005,-6,-0.8,7.2,1461055
149,Bryn Forbes,29,MIN,SG,25,10.7,0.6,0.7,0.3,0.1,0.5,0.9,3.6,99,118,-0.2,0.2,0,0,-6.3,-0.3,6.2,2298385
44,Buddy Boeheim,23,DET,SF,10,9,0.6,0.4,0.2,0,0,0.6,1.6,77,123,-0.2,0,-0.2,-0.091,-9.5,-0.2,0.5,508891
209,Buddy Hield,30,IND,SF,80,31,5,2.8,1.2,0.3,1.7,2,16.8,115,118,2.7,1.6,4.4,0.085,1.9,2.4,15.4,21177750
106,Cade Cunningham,21,DET,PG,12,33.3,6.2,6,0.8,0.6,3.3,2.8,19.9,100,119,-0.4,0.2,-0.1,-0.018,-0.7,0.1,14,10552800
220,Caleb Houstan,20,ORL,SF,51,15.9,1.9,0.6,0.2,0.1,0.4,1.2,3.8,108,118,0.1,0.5,0.7,0.039,-4,-0.4,6.2,2000000
309,Caleb Martin,27,MIA,SF,71,29.3,4.8,1.6,1,0.4,1.1,2,9.6,113,113,1.2,2.5,3.7,0.086,-1.2,0.4,11.4,6479000
407,Cam Reddish,23,2TM,SF,40,24.8,2.2,1.4,1,0.4,1.2,1.8,9.7,109,118,0.3,0.7,0.9,0.046,-3.4,-0.4,10.6,5954454
470,Cam Thomas,21,BRK,SG,57,16.6,1.7,1.4,0.4,0.1,1.1,1,10.6,108,118,0.3,0.7,1,0.049,-2.7,-0.2,14.7,2138160
243,Cameron Johnson,26,2TM,PF,42,28.5,4.4,1.9,1.2,0.3,0.9,2,15.5,122,114,2.1,1.4,3.5,0.142,2.6,1.4,17.1,5887899
381,Cameron Payne,28,PHO,PG,48,20.2,2.2,4.5,0.7,0.2,1.7,1.8,10.3,106,115,0,1,1.1,0.053,-1.2,0.2,13.2,6000000
290,Caris LeVert,28,CLE,SG,74,30.2,3.8,3.9,1,0.3,1.6,2.3,12.1,111,112,1.4,3.1,4.4,0.095,-0.2,1,12.4,18796296
250,Carlik Jones,25,CHI,PG,7,8,0.7,0.9,0.3,0,0.3,0.3,2.9,112,115,0,0.1,0.1,0.078,-2.5,0,11.1,612162
378,Cedi Osman,27,CLE,SF,77,20.1,2.3,1.5,0.5,0.1,0.7,1.6,8.7,115,113,1.4,1.9,3.3,0.103,-0.7,0.5,12,7426088
31,Charles Bassey,22,SAS,C,35,14.5,5.5,1.4,0.5,0.9,1.2,2.1,5.7,120,114,0.7,0.6,1.3,0.122,0.7,0.3,18.8,2674742
341,Chima Moneke,27,SAC,SF,2,4,1,0.5,0,0,1,1,1,72,124,0,0,0,-0.288,-20.7,0,-3.5,500000
331,Chimezie Metu,25,SAC,PF,66,10.4,3,0.6,0.3,0.3,0.5,1.2,4.9,124,113,1.2,0.8,2.1,0.143,-0.1,0.3,17.3,1910860
51,Chris Boucher,30,TOR,PF,76,20,5.5,0.4,0.6,0.8,0.5,1.9,9.4,125,112,3,2,5,0.156,-0.1,0.7,18,12690000
134,Chris Duarte,25,IND,SF,46,19.5,2.5,1.4,0.5,0.2,0.9,1.4,7.9,101,120,-0.5,0.4,0,-0.003,-4.5,-0.6,8.6,3936960
380,Chris Paul,37,PHO,PG,59,32,4.3,8.9,1.5,0.4,1.9,2.1,13.9,122,112,3.7,2.5,6.2,0.156,3.2,2.5,17.7,28400000
443,Chris Silva,26,DAL,PF,1,3,0,0,0,0,1,2,2,66,123,0,0,0,-0.26,-22.6,0,-2.2,211045
57,Christian Braun,21,DEN,SG,76,15.5,2.4,0.8,0.5,0.2,0.5,1.3,4.7,114,115,0.7,1.2,1.9,0.079,-2.4,-0.1,10.3,2808600
272,Christian Koloko,22,TOR,C,58,13.8,2.9,0.5,0.4,1,0.3,2.2,3.1,119,113,0.7,1,1.7,0.104,-3.5,-0.3,11.4,1500000
531,Christian Wood,27,DAL,C,67,25.9,7.3,1.8,0.4,1.1,1.8,2.5,16.6,116,113,2.7,2.1,4.8,0.132,1.7,1.6,20.6,14317459
370,Chuma Okeke,24,ORL,SF,27,19.2,3.6,1.4,0.7,0.4,0.6,1.5,4.7,107,114,0,0.6,0.7,0.061,-1.6,0.1,9.1,3433320
320,CJ McCollum,31,NOP,PG,75,35.3,4.4,5.7,0.9,0.5,2.4,2,20.9,110,115,1.5,2.8,4.3,0.078,0.8,1.9,15.6,33333333
81,Clint Capela,28,ATL,C,65,26.6,11,0.9,0.7,1.2,0.8,2.1,12,136,112,4.9,2.4,7.2,0.201,2.2,1.8,22.1,18206896
508,Coby White,22,CHI,SG,74,23.4,2.9,2.8,0.7,0.1,1,1.6,9.7,113,114,1.2,1.9,3.1,0.087,-0.8,0.5,12.5,7413955
310,Cody Martin,27,CHO,SF,7,19.1,3.4,1.6,0.6,0.1,0.3,1.9,5,108,117,0,0.1,0.1,0.045,-4.6,-0.1,8.7,7000000
538,Cody Zeller,30,MIA,C,15,14.5,4.3,0.7,0.2,0.3,0.9,2.2,6.5,124,114,0.4,0.3,0.7,0.147,-2.8,0,16.4,743922
13,Cole Anthony,22,ORL,PG,60,25.9,4.8,3.9,0.6,0.5,1.5,2.6,13,117,115,2.1,1.7,3.7,0.116,1.3,1.3,16,3613680
463,Cole Swider,23,LAL,SF,7,5.9,1,0.6,0,0,0,0.4,1.3,124,118,0,0,0.1,0.08,-3.4,0,7.4,508891
438,Collin Sexton,24,UTA,PG,48,23.9,2.2,2.9,0.6,0.1,1.8,2.3,14.3,119,120,2,0.5,2.5,0.105,-1.3,0.2,15.9,16700000
268,Corey Kispert,23,WAS,SF,74,28.3,2.8,1.2,0.4,0.1,0.7,1.3,11.1,124,120,2.9,0.9,3.8,0.088,-1.5,0.2,11.5,3552840
258,Cory Joseph,31,DET,PG,62,19.8,1.7,3.5,0.5,0.1,0.9,1.4,6.9,119,122,1.5,0.3,1.8,0.07,-1.5,0.2,12.1,5155500
426,D'Angelo Russell,26,2TM,PG,71,32.5,3,6.2,1,0.4,2.6,2,17.8,116,116,3.1,1.9,5.1,0.106,1.5,2,16.3,1563518
361,Daishen Nix,20,HOU,PG,57,16,1.7,2.3,0.5,0.1,1.5,1,4,88,121,-1.5,0.3,-1.2,-0.062,-6.5,-1,5.3,1563518
25,Dalano Banton,23,TOR,PG,31,9,1.5,1.2,0.4,0.4,0.6,1.1,4.6,105,112,0,0.4,0.4,0.064,-0.5,0.1,14.9,3191400
468,Dalen Terry,20,CHI,SG,38,5.6,1,0.6,0.3,0.1,0.2,0.6,2.2,112,110,0.1,0.3,0.5,0.105,0,0.1,14.1,2298385
251,Damian Jones,27,2TM,C,41,11.6,3,0.4,0.2,0.5,0.6,1.3,3.5,128,115,0.7,0.5,1.2,0.119,-1.7,0,12.9,42492492
292,Damian Lillard,32,POR,PG,58,36.3,4.8,7.3,0.9,0.3,3.3,1.9,32.2,126,121,8.2,0.8,9,0.205,7.1,4.9,26.7,2133278
285,Damion Lee,30,PHO,SG,74,20.4,3,1.3,0.4,0.1,1.1,1.6,8.2,114,116,1.1,1.4,2.6,0.081,-1.7,0.1,10.7,31377750
156,Daniel Gafford,24,WAS,C,78,20.6,5.6,1.1,0.4,1.3,1.1,2.4,9,135,113,4.2,1.9,6.1,0.184,1,1.2,19.7,1930681
469,Daniel Theis,30,IND,C,7,15.6,3.1,1.3,0.3,0.9,0.4,1,7,108,118,0,0.1,0.1,0.046,-1.4,0,14.2,8694369
175,Danny Green,35,2TM,SG,11,12.5,1.3,0.5,0.5,0.3,0.9,1.5,5.5,103,111,0,0.2,0.2,0.059,-1.9,0,10.8,11710528
219,Danuel House Jr.,29,PHI,SF,56,14.4,1.7,0.8,0.3,0.2,0.5,1.2,4.8,115,116,0.6,0.7,1.3,0.075,-3,-0.2,9.4,4105000
430,Dario Šari?,28,2TM,C,57,14.1,3.6,1.3,0.4,0.1,1,1.7,6.4,113,113,0.7,1,1.7,0.099,-1.4,0.1,13.5,9240000
34,Darius Bazley,22,2TM,C,43,14.3,3.2,0.9,0.5,0.8,0.6,1,5.2,107,111,0.1,0.9,1,0.078,-1,0.2,13.1,4264628
114,Darius Days,23,HOU,SF,4,6.3,1.5,0.3,0,0.3,0,0.5,3.8,132,120,0.1,0,0.1,0.156,3.5,0,18.3,508891
157,Darius Garland,23,CLE,PG,69,35.5,2.7,7.8,1.2,0.1,2.9,2.1,21.6,118,113,4.5,3,7.6,0.148,2.4,2.7,18.8,8920794
135,David Duke Jr.,23,BRK,SG,23,9.9,1.3,0.9,0.4,0,0.8,1.3,3.7,96,116,-0.3,0.2,-0.1,-0.011,-7.3,-0.3,8.3,531283
420,David Roddy,21,MEM,PF,70,18,2.8,0.8,0.4,0.3,0.8,1.5,6.7,103,114,-0.3,1.4,1.1,0.043,-3.9,-0.6,8.8,2588640
337,Davion Mitchell,24,SAC,PG,80,18.1,1.3,2.3,0.6,0.2,0.8,1.4,5.6,111,119,0.7,0.8,1.5,0.05,-2.8,-0.3,9.4,4833600
38,D?vis Bert?ns,30,DAL,PF,45,10.9,1.2,0.5,0.2,0.2,0.2,1.2,4.6,120,118,0.6,0.3,0.9,0.09,-1.2,0.1,11.9,16000000
408,Davon Reed,27,2TM,SG,43,8,1.4,0.5,0.3,0.1,0.5,0.9,2.1,93,113,-0.4,0.4,0.1,0.008,-5.3,-0.3,6.2,1902133
440,Day'Ron Sharpe,21,BRK,C,48,11.5,4.2,0.8,0.3,0.7,0.9,1.9,4.7,118,111,0.8,0.8,1.6,0.139,-2.3,0,17.8,2109480
153,De'Aaron Fox,25,SAC,PG,73,33.4,4.2,6.1,1.1,0.3,2.5,2.4,25,119,117,5.5,1.8,7.4,0.146,2.5,2.7,21.8,30351780
224,De'Andre Hunter,25,ATL,SF,67,31.7,4.2,1.4,0.5,0.3,1.2,3,15.4,112,119,1.4,1.2,2.5,0.057,-3.3,-0.7,11.5,1930681
329,De'Anthony Melton,24,PHI,SG,77,27.9,4.1,2.6,1.6,0.5,1.3,2.5,10.1,111,111,1.1,3.1,4.2,0.095,0.9,1.6,12.7,30913750
490,Dean Wade,26,CLE,PF,44,20.3,3.4,0.8,0.6,0.5,0.4,2,4.7,113,110,0.4,1.4,1.8,0.097,-0.7,0.3,8.5,9835881
17,Deandre Ayton,24,PHO,C,67,30.4,10,1.7,0.6,0.8,1.8,2.8,18,119,111,3.3,3,6.2,0.147,0.9,1.5,19.9,10733758
257,DeAndre Jordan,34,DEN,C,39,15,5.2,0.9,0.3,0.6,1.2,1.8,5.1,116,111,0.5,0.9,1.4,0.112,-1.8,0,14.7,8250000
351,Dejounte Murray,26,ATL,SG,74,36.4,5.3,6.1,1.5,0.3,2.2,1.4,20.5,112,116,2.4,2.3,4.7,0.084,1,2.1,17,17071120
532,Delon Wright,30,WAS,PG,50,24.4,3.6,3.9,1.8,0.3,0.9,1.2,7.4,127,112,2.1,1.6,3.7,0.146,3.4,1.7,16.3,7804878
117,DeMar DeRozan,33,CHI,SF,74,36.2,4.6,5.1,1.1,0.5,2.1,2.5,24.5,119,113,5.4,3.2,8.5,0.153,2,2.6,20.6,27300000
16,Deni Avdija,22,WAS,SF,76,26.6,6.4,2.8,0.9,0.4,1.6,2.8,9.2,106,114,0,2.3,2.3,0.054,-2.3,-0.1,11.2,4916160
434,Dennis Schröder,29,LAL,PG,66,30.1,2.5,4.5,0.8,0.2,1.7,2.2,12.6,112,117,1.3,1.5,2.8,0.068,-2.9,-0.4,11.5,2641682
450,Dennis Smith Jr.,25,CHO,PG,54,25.7,3.1,4.8,1.4,0.5,1.5,2.3,8.8,103,114,-0.4,1.5,1.1,0.039,-2.2,-0.1,11.6,2133278
73,Deonte Burton,29,SAC,PF,2,3,0,0,0,0,0,0,0,0,124,0,0,0,-0.347,-24.2,0,-12.6,105522
436,Dereon Seabron,22,NOP,SG,5,2.4,0.2,0,0,0,0,0.2,0.8,95,121,0,0,0,-0.034,-11.3,0,4.6,511816
252,Derrick Jones Jr.,25,CHI,PF,64,14,2.4,0.5,0.5,0.6,0.4,1.3,5,122,112,1.2,1.2,2.4,0.131,-0.4,0.3,13.8,3200000
422,Derrick Rose,34,NYK,PG,27,12.5,1.5,1.7,0.3,0.2,0.8,0.7,5.6,99,117,-0.3,0.3,0,-0.001,-3.7,-0.1,10.1,14520730
509,Derrick White,28,BOS,SG,82,28.3,3.6,3.9,0.7,0.9,1.2,2.2,12.4,124,112,4.4,3.1,7.4,0.154,2.4,2.6,15.4,17142857
24,Desmond Bane,24,MEM,SG,58,31.7,5,4.4,1,0.4,2.2,2.6,21.5,119,113,3.5,2.3,5.8,0.151,3.5,2.5,19.1,2130240
49,Devin Booker,26,PHO,SG,53,34.6,4.5,5.5,1,0.3,2.7,3,27.8,119,115,4.2,1.9,6,0.157,4.2,2.9,22,33833400
486,Devin Vassell,22,SAS,SG,38,31,3.9,3.6,1.1,0.4,1.5,1.5,18.5,110,120,0.7,0.5,1.2,0.051,0.4,0.7,15.5,4437000
129,Devon Dotson,23,WAS,PG,6,8.8,1.7,1.3,0.8,0,0.5,1.5,0.5,81,112,-0.1,0.1,0,-0.025,-5.3,0,4.8,169630
171,Devonte' Graham,27,2TM,PG,73,18.3,1.7,2.7,0.6,0.2,0.7,1.1,7.4,117,117,1.5,1,2.5,0.091,-0.1,0.6,12.5,11550000
115,Dewayne Dedmon,33,2TM,C,38,11.2,3.5,0.7,0.2,0.5,0.7,2,5.2,112,110,0.3,0.7,1,0.115,-1.6,0,15.5,8283688
61,Dillon Brooks,27,MEM,SF,73,30.3,3.3,2.6,0.9,0.2,1.4,3.3,14.3,102,114,-0.8,2.4,1.6,0.034,-3.9,-1.1,9.4,11400000
428,Domantas Sabonis,26,SAC,C,79,34.6,12.3,7.3,0.8,0.5,2.9,3.5,19.1,132,114,9.6,3,12.6,0.221,5.8,5.4,23.5,21100000
26,Dominick Barlow,19,SAS,PF,28,14.6,3.6,0.9,0.4,0.7,0.5,2,3.9,121,119,0.5,0.2,0.7,0.082,-4.6,-0.3,12.4,508891
338,Donovan Mitchell,26,CLE,SG,68,35.8,4.3,4.4,1.5,0.4,2.6,2.5,28.3,118,111,5.4,3.5,8.9,0.176,6.3,5,22.9,30913750
516,Donovan Williams,21,ATL,SG,2,2,1,0,0,0,0,0,2,81,111,0,0,0,-0.225,-15.2,0,14.5,239822
124,Donte DiVincenzo,26,GSW,SG,72,26.3,4.5,3.5,1.3,0.1,1.6,1.8,9.4,117,113,1.9,2.3,4.2,0.106,0.7,1.3,12.8,4500000
146,Dorian Finney-Smith,29,2TM,PF,66,30.4,4.8,1.5,0.8,0.5,0.9,2.2,8.3,109,117,0.6,1.6,2.1,0.051,-2,0,9.2,12939848
324,Doug McDermott,31,SAS,SF,64,20.5,2.2,1.4,0.2,0.1,0.9,1.8,10.2,113,124,1,0,1,0.035,-3.2,-0.4,11.2,13750000
176,Draymond Green,32,GSW,PF,73,31.5,7.2,6.8,1,0.8,2.8,3.1,8.5,114,112,1.6,3.1,4.7,0.098,0.8,1.6,12.2,25806468
144,Drew Eubanks,25,POR,C,78,20.3,5.4,1.3,0.5,1.3,0.9,2.2,6.6,130,115,2.9,1.6,4.4,0.134,0.1,0.8,16.2,1968175
451,Dru Smith,25,2TM,SG,15,10.5,1.6,1.5,0.7,0.3,0.2,1.5,2.9,111,110,0.1,0.3,0.3,0.099,-0.9,0,11.4,374357
499,Duane Washington Jr.,22,PHO,SG,31,12.7,1.2,2,0.2,0.1,1.1,0.7,7.9,93,117,-0.8,0.3,-0.5,-0.065,-4.6,-0.3,9.3,628802
415,Duncan Robinson,28,MIA,SF,42,16.5,1.6,1.1,0.3,0,0.7,1.8,6.4,105,117,-0.1,0.6,0.5,0.035,-5,-0.5,7.8,16902000
395,Dwight Powell,31,DAL,C,76,19.2,4.1,0.9,0.6,0.3,0.9,2.8,6.7,140,116,3.8,1.3,5.1,0.168,-1.2,0.3,15.5,11080125
528,Dylan Windler,26,CLE,SF,3,3.3,0,0.3,0.3,0,0.3,0,1.7,119,108,0,0,0,0.149,6.7,0,19,4037277
109,Dyson Daniels,19,NOP,PG,59,17.7,3.2,2.3,0.7,0.2,1,1.7,3.8,105,112,-0.1,1.4,1.3,0.061,-1.8,0,8.8,5508600
462,Edmond Sumner,27,BRK,SG,53,13.9,1.5,1.3,0.6,0.2,0.9,1.6,7.1,112,115,0.6,0.7,1.3,0.086,-2.6,-0.1,14,1968175
170,Eric Gordon,34,2TM,SG,69,28.5,1.9,2.7,0.6,0.4,1.5,1.1,12.4,115,122,1.8,0.5,2.3,0.056,-1.9,0.1,11.8,19568360
377,Eugene Omoruyi,25,2TM,SF,40,16.1,2.8,0.7,0.7,0.1,0.9,2.3,7,106,117,0.1,0.5,0.6,0.042,-4.4,-0.4,10.9,1013119
152,Evan Fournier,30,NYK,SG,27,17,1.8,1.3,0.6,0.1,0.8,1.7,6.1,98,116,-0.3,0.4,0.1,0.01,-4,-0.2,6.9,18000000
339,Evan Mobley,21,CLE,PF,79,34.4,9,2.8,0.8,1.5,1.8,2.8,16.2,117,108,3.7,4.8,8.5,0.151,1.7,2.5,17.9,8478720
79,Facundo Campazzo,31,DAL,PG,8,6.5,0.3,1.1,0.8,0,0.4,0.4,1.3,86,111,-0.1,0.1,0,-0.012,-1.2,0,7.8,464299
233,Frank Jackson,24,UTA,PG,1,5,2,1,0,0,0,0,0,48,119,0,0,0,-0.378,-22.2,0,-6.8,113114
262,Frank Kaminsky,29,2TM,C,36,6.5,1.4,0.9,0.2,0.1,0.3,0.6,2.5,131,116,0.5,0.2,0.7,0.141,2.8,0.3,15.3,2463490
365,Frank Ntilikina,24,DAL,SG,47,12.9,1.3,1.2,0.3,0.1,0.6,1.4,2.9,94,118,-0.5,0.4,-0.1,-0.01,-6.7,-0.7,5.2,2036318
491,Franz Wagner,21,ORL,SF,80,32.6,4.1,3.5,1,0.2,2.1,2.3,18.6,115,116,3.1,2.3,5.4,0.099,-0.1,1.3,15.9,5258280
485,Fred VanVleet,28,TOR,PG,69,36.7,4.1,7.2,1.8,0.6,2,2.8,19.3,117,114,3.7,2.8,6.5,0.123,2.5,2.9,17,21250000
274,Furkan Korkmaz,25,PHI,SG,37,9.5,1.1,0.6,0.3,0.1,0.6,0.5,3.8,100,115,-0.2,0.3,0.1,0.019,-4.4,-0.2,9.3,5000000
487,Gabe Vincent,26,MIA,PG,68,25.9,2.1,2.5,0.9,0.1,1.4,2.3,9.4,104,115,-0.3,1.7,1.4,0.038,-3.4,-0.6,9,1815677
534,Gabe York,29,IND,SG,3,18.7,2,1.7,0.7,0,0,1.7,8,122,120,0.1,0,0.1,0.091,-3.5,0,11.8,32171
467,Garrett Temple,36,NOP,SG,25,6.5,0.7,0.5,0.4,0.1,0.2,0.6,2,114,112,0.1,0.2,0.3,0.094,-1,0,10.5,5155500
313,Garrison Mathews,26,2TM,SG,54,12.7,1.4,0.5,0.4,0.1,0.4,1.1,4.8,119,121,0.7,0.3,1,0.067,-2.4,-0.1,9.7,2000000
194,Gary Harris,28,ORL,SG,48,24.7,2,1.2,0.9,0.3,0.6,1.9,8.3,122,116,1.3,1.1,2.3,0.095,-0.7,0.4,10.5,13000000
382,Gary Payton II,30,2TM,SG,22,16.7,3.1,1.4,1,0.2,0.7,2,4.6,131,115,0.6,0.4,1,0.125,0.3,0.2,13.3,8300000
479,Gary Trent Jr.,24,TOR,SG,66,32.1,2.6,1.6,1.6,0.2,0.8,1.5,17.4,116,116,2.5,2,4.5,0.102,0.2,1.2,15,17280000
211,George Hill,36,2TM,SG,46,18.1,1.8,2.4,0.6,0.1,0.7,1.2,5,124,115,1.1,0.8,1.9,0.107,-1.5,0.1,10.6,4000000
360,Georges Niang,29,PHI,PF,78,19.4,2.4,1,0.4,0.2,0.7,1.9,8.2,114,116,1.1,1.4,2.5,0.078,-1.4,0.2,10.9,3465000
11,Giannis Antetokounmpo,28,MIL,PF,63,32.1,11.8,5.7,0.8,0.8,3.9,3.1,31.1,117,108,4.9,3.7,8.6,0.204,8.5,5.4,29,42492492
42,Goga Bitadze,23,2TM,C,38,12,3.6,1,0.4,0.7,0.6,1.7,4.4,123,112,0.8,0.6,1.3,0.141,0.3,0.3,17.1,5377520
132,Goran Dragi?,36,2TM,PG,58,15,1.4,2.6,0.2,0.1,1.1,1.1,6.3,103,117,-0.3,0.7,0.4,0.025,-3.9,-0.4,10.3,3523762
205,Gordon Hayward,32,CHO,SF,50,31.5,4.3,4.1,0.8,0.2,2,1.4,14.7,110,118,0.8,1.1,2,0.059,-1.4,0.2,13.5,30075000
121,Gorgui Dieng,33,SAS,C,31,11.5,3.5,1.7,0.1,0.5,1,1.8,3.9,100,118,-0.2,0.2,0,0.001,-3.9,-0.2,9.9,4105236
517,Grant Williams,24,BOS,PF,79,25.9,4.6,1.7,0.5,0.4,1,2.4,8.1,118,113,1.9,2.6,4.4,0.104,-1.1,0.5,10.3,4306281
7,Grayson Allen,27,MIL,SG,72,27.4,3.3,2.3,0.9,0.2,1,1.6,10.4,123,114,2.8,2.2,5.1,0.123,0.1,1,12.3,8925000
63,Greg Brown III,21,POR,PF,16,5.8,1.2,0.2,0.3,0.3,0.4,0.8,1.8,79,114,-0.3,0.1,-0.1,-0.074,-8.5,-0.2,5.8,1563518
120,Hamidou Diallo,24,DET,SF,56,17.8,3.5,1,0.9,0.3,1.3,2.2,9.3,109,116,0.4,0.9,1.3,0.063,-1.4,0.1,15.7,5200000
27,Harrison Barnes,30,SAC,PF,82,32.5,4.5,1.6,0.7,0.1,1,1.3,15,126,119,5.1,1.4,6.5,0.118,-1,0.7,14.1,18352273
210,Haywood Highsmith,26,MIA,PF,54,17.9,3.5,0.8,0.7,0.3,0.8,1.5,4.4,101,112,-0.3,1.3,0.9,0.046,-3.1,-0.3,8.5,1752638
253,Herbert Jones,24,NOP,PF,66,29.6,4.1,2.5,1.6,0.6,1.3,3.2,9.8,115,112,1.5,2.7,4.2,0.104,-0.3,0.8,12.1,1785000
403,Immanuel Quickley,23,NYK,SG,81,28.9,4.2,3.4,1,0.2,1.2,2,14.9,122,115,4.4,2.3,6.7,0.137,1.7,2.1,16.3,2316240
373,Isaac Okoro,22,CLE,SF,76,21.7,2.5,1.1,0.7,0.4,0.6,2.1,6.4,123,112,1.9,2.3,4.2,0.122,-0.3,0.7,10.7,7040880
200,Isaiah Hartenstein,24,NYK,C,82,19.8,6.5,1.2,0.6,0.8,0.8,2.6,5,124,111,2.2,2.4,4.6,0.136,-0.3,0.7,14.2,8854879
234,Isaiah Jackson,21,IND,C,63,16.5,4.5,0.8,0.5,1.5,0.8,2.4,7.2,120,114,1.5,1.2,2.7,0.124,-0.8,0.3,17.5,2573760
241,Isaiah Joe,23,OKC,SG,73,19.1,2.4,1.2,0.7,0.1,0.5,1.4,9.5,125,116,2.5,1.3,3.8,0.131,0.9,1,14.5,1836090
294,Isaiah Livers,24,DET,PF,52,23.1,2.8,0.8,0.5,0.5,0.6,2,6.7,113,120,0.5,0.5,1,0.041,-2.4,-0.1,8.4,1563518
340,Isaiah Mobley,23,CLE,PF,12,7,1.7,0.3,0.3,0.3,0.1,0.7,2.6,114,106,0.1,0.2,0.2,0.135,-1.4,0,14.1,508891
419,Isaiah Roby,24,SAS,PF,42,11.3,2.5,0.9,0.4,0.2,0.7,1.3,4.1,97,118,-0.4,0.3,-0.1,-0.011,-4.6,-0.3,9.3,2330681
459,Isaiah Stewart,21,DET,C,50,28.3,8.1,1.4,0.4,0.7,1.4,2.7,11.3,113,118,1.1,0.9,2,0.068,-2.1,0,13.1,3433320
475,Isaiah Todd,21,WAS,PF,6,10.2,2,0.7,0.2,0,0.3,0.7,1.5,62,118,-0.2,0,-0.2,-0.147,-14.2,-0.2,-1,1575000
452,Ish Smith,34,DEN,PG,43,9.3,1.3,2.3,0.2,0.2,1,0.8,2.5,89,116,-0.8,0.4,-0.5,-0.056,-6.6,-0.5,6.5,4725000
493,Ish Wainright,28,PHO,SF,60,15.3,2.3,0.9,0.6,0.4,0.4,2,4.2,114,113,0.5,1.2,1.7,0.089,-1.2,0.2,9.2,980057
539,Ivica Zubac,25,LAC,C,76,28.6,9.9,1,0.4,1.3,1.5,2.9,10.8,125,112,3.8,2.9,6.7,0.149,-0.9,0.6,16.7,10123457
346,Ja Morant,23,MEM,PG,61,31.9,5.9,8.1,1.1,0.3,3.4,1.6,26.2,114,112,3.4,2.6,6,0.148,5.7,3.8,23.3,12119440
453,Jabari Smith Jr.,19,HOU,PF,79,31,7.2,1.3,0.5,0.9,1.3,2.9,12.8,108,119,0.5,1.4,1.9,0.037,-3.7,-1.1,11.2,8882640
494,Jabari Walker,20,POR,SF,56,11.1,2.3,0.6,0.2,0.2,0.5,1.2,3.9,104,120,-0.1,0.3,0.2,0.015,-6.1,-0.6,9.6,1017781
510,Jack White,25,DEN,SF,17,3.9,1,0.2,0.2,0.1,0.1,0.5,1.2,115,111,0.1,0.1,0.1,0.108,-1.9,0,12.6,508891
166,Jacob Gilyard,24,MEM,PG,1,41,4,7,3,0,2,3,3,108,110,0,0.1,0.1,0.079,-6.1,0,7.3,5849
191,Jaden Hardy,20,DAL,SG,48,14.8,1.9,1.4,0.4,0.1,1,1.3,8.8,108,118,0.2,0.5,0.7,0.048,-2.3,0,14.6,1017781
232,Jaden Ivey,20,DET,SG,74,31.1,3.9,5.2,0.8,0.2,3.2,3.3,16.3,103,121,-0.9,0.8,0,-0.001,-3.3,-0.7,12.1,7252200
322,Jaden McDaniels,22,MIN,SF,79,30.6,3.9,1.9,0.9,1,1.4,3.4,12.1,115,115,2,2.4,4.4,0.087,-1.2,0.5,12,2161440
457,Jaden Springer,20,PHI,SG,16,5.6,0.9,0.5,0.4,0.2,0.2,0.9,2.6,116,108,0.1,0.2,0.3,0.145,0.3,0.1,17.2,2125200
104,Jae Crowder,32,MIL,PF,18,18.9,3.8,1.5,0.7,0.3,0.4,1.5,6.9,133,111,0.7,0.5,1.2,0.165,1.2,0.3,14.6,10183800
464,Jae'Sean Tate,27,HOU,SF,31,21.8,3.8,2.7,0.7,0.2,1.5,3.4,9.1,111,120,0.4,0.3,0.7,0.049,-3.5,-0.3,12.2,7065217
282,Jake LaRavia,21,MEM,PF,35,11.8,1.8,0.6,0.3,0.1,0.5,1.4,3,105,114,0,0.5,0.5,0.054,-3.5,-0.2,6.7,3047640
386,Jakob Poeltl,27,2TM,C,72,26.5,9.1,2.7,0.9,1.2,1.7,2.7,12.5,123,114,3.7,2.2,6,0.15,1.9,1.9,21,9398148
69,Jalen Brunson,26,NYK,PG,68,35,3.5,6.2,0.9,0.2,2.1,2.2,24,125,117,6.9,1.8,8.7,0.175,3.9,3.5,21.2,27733332
138,Jalen Duren,19,DET,C,67,24.9,8.9,1.1,0.7,0.9,1.4,2.7,9.1,126,116,2.9,1.6,4.5,0.129,-0.8,0.5,17.3,4124280
177,Jalen Green,20,HOU,SG,76,34.2,3.7,3.7,0.8,0.2,2.6,1.7,22.1,109,122,1.4,0.5,1.8,0.034,-2.1,0,14.5,9441840
244,Jalen Johnson,21,ATL,SF,70,14.9,4,1.2,0.5,0.5,0.6,1.6,5.6,114,113,0.8,1.3,2.1,0.099,0.3,0.6,14.1,2792640
323,Jalen McDaniels,25,2TM,SF,80,23.9,4.3,1.6,1,0.4,1.2,2.6,9.4,108,114,0.5,2.2,2.7,0.068,-2.1,-0.1,11.8,1930681
454,Jalen Smith,22,IND,C,68,18.8,5.8,1,0.3,0.9,1.1,2.3,9.4,113,116,1.1,1.1,2.3,0.085,-2.1,0,15.9,4670160
461,Jalen Suggs,21,ORL,SG,53,23.5,3,2.9,1.3,0.5,1.8,2.3,9.9,104,113,-0.2,1.5,1.4,0.053,-1,0.3,12.5,6922320
518,Jalen Williams,21,OKC,SG,75,30.3,4.5,3.3,1.4,0.5,1.6,2.5,14.1,118,114,3,2.6,5.6,0.119,0.3,1.3,15.6,4341480
77,Jamal Cain,23,MIA,PF,18,13.3,2.9,0.7,0.6,0.1,0.3,1.2,5.4,131,112,0.5,0.3,0.8,0.169,0.8,0.2,16.5,508891
352,Jamal Murray,25,DEN,PG,65,32.8,4,6.2,1,0.2,2.2,1.6,20,116,116,3.3,1.9,5.1,0.116,1.3,1.8,18,31650600
53,Jamaree Bouyea,23,2TM,PG,5,14.2,1.2,0.8,0.8,0.4,0.8,1.2,3,89,112,-0.1,0.1,0,0.013,-4.2,0,6.5,116986
52,James Bouknight,22,CHO,SG,34,15.1,2.1,1.2,0.4,0.1,0.9,1.4,5.6,90,117,-0.8,0.4,-0.4,-0.04,-6.5,-0.6,6.2,4362240
190,James Harden,33,PHI,PG,58,36.8,6.1,10.7,1.2,0.5,3.4,1.9,21,123,113,5.8,2.6,8.4,0.188,5.4,4,21.6,33000000
245,James Johnson,35,IND,PF,18,9,1.7,0.8,0.4,0.3,0.4,1.8,2.8,98,115,-0.1,0.2,0.1,0.017,-4.4,-0.1,8.4,3841067
530,James Wiseman,21,2TM,C,45,19.3,5.9,0.7,0.2,0.6,1.1,2.4,10,112,116,0.7,0.7,1.4,0.077,-3.5,-0.3,15.6,9603360
178,JaMychal Green,32,GSW,PF,57,14,3.6,0.9,0.4,0.4,0.9,1.8,6.4,121,113,1.2,1,2.2,0.133,-0.5,0.3,15.5,8200000
74,Jared Butler,22,OKC,PG,6,12.8,0.7,1.3,0.8,0,0.8,0.8,6.2,108,115,0,0.1,0.1,0.061,-2.6,0,13,1674655
411,Jared Rhoden,23,DET,SG,14,14.1,2.6,0.3,0.3,0.1,0.2,1.6,3.2,108,121,0,0.1,0.1,0.027,-6.1,-0.2,6.5,307089
235,Jaren Jackson Jr.,23,MEM,C,63,28.4,6.8,1,1,3,1.7,3.6,18.6,118,105,2.8,3.8,6.6,0.177,2.8,2.2,21.6,28946605
484,Jarred Vanderbilt,23,2TM,PF,78,24.1,7.5,2.4,1.1,0.3,1.2,2.4,7.9,123,112,2.7,2.5,5.2,0.132,1.1,1.5,15.1,4374000
56,Jarrell Brantley,26,UTA,PF,4,9.8,1.5,0.8,0,0.5,0.5,0.8,5.5,134,118,0.1,0,0.1,0.16,3.5,0.1,18.5,105522
8,Jarrett Allen,24,CLE,C,68,32.6,9.8,1.7,0.8,1.2,1.4,2.3,14.3,132,108,5.5,4,9.5,0.205,2.4,2.4,19.9,20000000
105,Jarrett Culver,23,ATL,SF,10,13.7,3.8,0.6,0.6,0.2,0.7,1.4,4.4,96,113,-0.1,0.2,0,0.014,-4.2,-0.1,9.5,260295
397,Jason Preston,23,LAC,PG,14,8.9,1.6,1.9,0.1,0,0.7,0.5,2.9,102,117,0,0.1,0.1,0.021,-2.6,0,10.3,1563518
325,JaVale McGee,35,DAL,C,42,8.5,2.5,0.3,0.1,0.6,0.9,1.3,4.4,108,112,0.1,0.5,0.6,0.076,-3.7,-0.1,17.2,5461219
179,Javonte Green,29,CHI,SF,32,15,2.8,0.7,0.8,0.7,0.6,1.6,5.2,122,109,0.6,0.8,1.4,0.142,1.4,0.4,14.5,1815677
203,Jaxson Hayes,22,NOP,C,47,13,2.8,0.7,0.4,0.4,0.7,1.4,5,117,111,0.6,0.9,1.5,0.118,-1.2,0.1,13.7,6803012
223,Jay Huff,24,WAS,C,7,13.6,3,1.4,0.4,0.6,0.7,2.1,7.3,149,114,0.4,0.1,0.5,0.261,4,0.1,22.3,116986
435,Jay Scrubb,22,ORL,SG,2,15,3,0.5,1,0,1.5,1,6.5,108,110,0,0,0.1,0.083,-1.9,0,14.2,49719
64,Jaylen Brown,26,BOS,SF,67,35.9,6.9,3.5,1.1,0.4,2.9,2.6,26.6,110,111,1.6,3.4,5,0.1,1.3,2,19.1,29776785
364,Jaylen Nowell,23,MIN,SG,65,19.3,2.6,2,0.6,0.1,1,1.6,10.8,106,116,0,1.2,1.2,0.046,-2.5,-0.2,13.7,1930681
519,Jaylin Williams,20,OKC,C,49,18.7,4.9,1.6,0.6,0.2,0.8,2.3,5.9,115,112,0.7,1.2,1.9,0.099,-1.7,0.1,11.2,2000000
465,Jayson Tatum,24,BOS,SF,74,36.9,8.8,4.6,1.1,0.7,2.9,2.2,30.1,118,110,6.2,4.3,10.5,0.185,5.5,5.1,23.7,30351780
113,JD Davison,20,BOS,SG,12,5.5,0.8,0.9,0.2,0.2,0.3,0.4,1.6,104,112,0,0.1,0.1,0.059,-4.2,0,10.1,508891
520,Jeenathan Williams,23,POR,SG,5,25.4,3,2,0.6,0.4,0.8,2.6,10.6,132,122,0.3,0,0.3,0.12,-3,0,15.5,52644
130,Jeff Dowtin,25,TOR,PG,25,10.4,0.9,1.2,0.4,0.1,0.2,0.5,2.4,118,117,0.2,0.2,0.4,0.076,-1.9,0,9.9,508891
180,Jeff Green,36,DEN,PF,56,19.5,2.6,1.2,0.3,0.3,0.8,1.8,7.8,114,117,0.8,0.8,1.7,0.074,-3.4,-0.4,11,4500000
172,Jerami Grant,28,POR,PF,63,35.7,4.5,2.4,0.8,0.8,1.8,2.4,20.5,117,120,3.1,1,4.1,0.087,-0.2,1,16,20955000
418,Jeremiah Robinson-Earl,22,OKC,PF,43,18.9,4.2,1,0.6,0.3,0.4,1.7,6.8,121,115,1.1,0.8,1.9,0.111,-1.5,0.1,13,2000000
456,Jeremy Sochan,19,SAS,PF,56,26,5.3,2.5,0.8,0.4,1.7,2.5,11,103,120,-0.5,0.7,0.2,0.005,-4,-0.7,11.4,5063520
448,Jericho Sims,24,NYK,C,52,15.6,4.7,0.5,0.3,0.5,0.5,1.8,3.4,146,114,1.6,0.9,2.6,0.153,-0.5,0.3,13.8,1639842
83,Jevon Carter,27,MIL,PG,81,22.3,2.5,2.4,0.8,0.4,1,2,8,113,113,1.2,2.3,3.5,0.092,-0.6,0.6,10.9,6025000
75,Jimmy Butler,33,MIA,PF,64,33.4,5.9,5.3,1.8,0.3,1.6,1.3,22.9,135,112,9.4,2.9,12.3,0.277,8.7,5.8,27.6,37653300
280,Jock Landale,27,PHO,C,69,14.2,4.1,1,0.2,0.4,0.9,1.8,6.6,119,113,1.5,1.2,2.7,0.132,-1.1,0.2,16.4,1563518
195,Joe Harris,31,BRK,SF,74,20.6,2.2,1.4,0.5,0.2,0.6,1.9,7.6,119,117,1.5,1.1,2.6,0.083,-1.1,0.3,10.6,18642857
228,Joe Ingles,35,MIL,SF,46,22.7,2.8,3.3,0.7,0.1,1.2,1.6,6.9,120,114,1.1,1.2,2.3,0.107,-0.7,0.3,10.7,6479000
511,Joe Wieskamp,23,TOR,SF,9,5.6,0.4,0.3,0,0,0.1,0.3,1,77,121,-0.1,0,-0.1,-0.076,-10.6,-0.1,-0.4,2909261
143,Joel Embiid,28,PHI,C,66,34.6,10.2,4.2,1,1.7,3.4,3.1,33.1,124,109,8.4,3.9,12.3,0.259,9.2,6.4,31.4,33616770
76,John Butler,20,POR,C,19,11.6,0.9,0.6,0.4,0.5,0.1,1.2,2.4,97,119,-0.1,0.1,0,0.001,-6.2,-0.2,5.7,503041
96,John Collins,25,ATL,PF,71,30,6.5,1.2,0.6,1,1.1,3.1,13.1,117,115,2.1,2.1,4.2,0.095,-1.3,0.4,13.6,23500000
273,John Konchar,26,MEM,SF,72,20.8,4.3,1.4,1.1,0.3,0.5,1.6,5.1,117,109,1,2.5,3.5,0.111,0.5,0.9,10.8,2300000
497,John Wall,32,LAC,PG,34,22.2,2.7,5.2,0.8,0.4,2.4,1.7,11.4,102,115,-0.4,0.7,0.3,0.02,-1.2,0.1,13.6,47345760
111,Johnny Davis,20,WAS,SG,28,15.1,2.3,1,0.4,0.3,0.6,1.7,5.8,92,117,-0.6,0.3,-0.3,-0.033,-7.4,-0.6,7.2,4810320
260,Johnny Juzang,21,UTA,SG,18,12.9,2.2,0.4,0.2,0.2,0.2,0.7,4.8,93,119,-0.3,0.1,-0.2,-0.032,-6.5,-0.3,6.5,508891
483,Jonas Valan?i?nas,30,NOP,C,79,24.9,10.2,1.8,0.3,0.7,2,3.1,14.1,116,110,2.8,3,5.8,0.142,-0.4,0.8,19.3,14700000
231,Jonathan Isaac,25,ORL,PF,11,11.3,4,0.5,1.3,0.4,0.4,0.5,5,108,102,0,0.3,0.3,0.13,4,0.2,20.3,17400000
277,Jonathan Kuminga,20,GSW,PF,67,20.8,3.4,1.9,0.6,0.5,1.4,2.3,9.9,112,115,1,1.4,2.4,0.084,-1.7,0.1,13.3,5739840
93,Jordan Clarkson,30,UTA,SG,61,32.6,4,4.4,0.5,0.2,3,2,20.8,109,120,0.9,0.8,1.7,0.042,-1.4,0.3,14.7,13340000
168,Jordan Goodwin,24,WAS,PG,62,17.8,3.3,2.7,0.9,0.4,0.9,1.5,6.6,113,113,0.9,1.3,2.2,0.097,0.7,0.8,14.8,1280206
187,Jordan Hall,21,SAS,SF,9,9.2,1.3,1.2,0.1,0,0.8,0.7,3.1,91,124,-0.1,0,-0.1,-0.077,-7.6,-0.1,5.5,193027
328,Jordan McLaughlin,26,MIN,PG,43,15.8,1.4,3.4,0.7,0.1,0.8,0.7,3.7,118,115,0.7,0.6,1.3,0.094,-0.7,0.2,11.8,2160000
368,Jordan Nwora,24,2TM,SF,62,19.2,3.7,1.4,0.4,0.2,1.1,1.2,8.7,109,116,0.5,1,1.5,0.06,-2.1,0,12.2,2800000
388,Jordan Poole,23,GSW,PG,82,30,2.7,4.5,0.8,0.3,3.1,2.6,20.4,109,117,1.4,1.9,3.2,0.063,-1.9,0.1,14.6,3901399
432,Jordan Schakel,24,WAS,SF,2,3,0,0.5,0.5,0,0,0.5,1.5,161,106,0,0,0,0.314,17,0,24.3,96514
9,Jose Alvarado,24,NOP,PG,61,21.5,2.3,3,1.1,0.2,1.3,2,9,107,113,0.1,1.7,1.8,0.066,-1.2,0.3,11.8,1563518
91,Josh Christopher,21,HOU,SG,64,12.3,1.1,1.1,0.5,0.2,0.9,0.9,5.8,102,120,-0.3,0.3,0,-0.001,-4.3,-0.5,11.5,2372160
163,Josh Giddey,20,OKC,PF,76,31.1,7.9,6.2,0.8,0.4,2.8,1.9,16.6,109,114,1.3,2.7,4,0.081,1.2,1.9,17.1,6287400
181,Josh Green,22,DAL,SG,60,25.7,3,1.7,0.7,0.1,1.2,2.6,9.1,119,119,1.7,0.9,2.6,0.082,-2.4,-0.2,11.2,3098400
199,Josh Hart,27,2TM,SF,76,32.3,7.8,3.8,1.2,0.3,1.5,2.6,9.8,125,116,3.8,2.2,6,0.118,0.9,1.8,14.1,12960000
336,Josh Minott,20,MIN,SF,15,6.4,1.7,0.3,0.3,0.4,0.2,0.7,3.1,119,109,0.1,0.2,0.3,0.146,-1.6,0,17.9,1017781
371,Josh Okogie,24,PHO,SG,72,18.8,3.5,1.5,0.8,0.5,0.9,1.6,7.3,114,113,1.1,1.7,2.8,0.101,-0.2,0.6,13.3,1968175
413,Josh Richardson,29,2TM,SG,65,23.5,2.7,2.7,1.1,0.3,1.3,1.8,10.1,110,118,0.6,1.1,1.8,0.055,-1.2,0.3,12.3,12196094
398,Joshua Primo,20,SAS,SG,4,23.3,3.3,4.5,0.3,0.5,2.8,2,7,90,122,-0.2,0,-0.1,-0.073,-6.3,-0.1,6.1,4144320
214,Jrue Holiday,32,MIL,PG,67,32.6,5.1,7.4,1.2,0.4,2.9,1.7,19.3,118,112,3.9,2.8,6.7,0.148,3.1,2.8,19.2,34319520
472,JT Thor,20,CHO,PF,69,14,2.2,0.5,0.3,0.3,0.6,1,3.8,97,117,-0.6,0.8,0.2,0.009,-4.7,-0.7,7,1563518
477,Juan Toscano-Anderson,29,2TM,SF,52,13.5,2.4,1.3,0.3,0.2,0.7,1.5,3,104,116,-0.1,0.6,0.5,0.038,-3.8,-0.3,7.2,2133278
206,Juancho Hernangómez,27,TOR,PF,42,14.6,2.9,0.6,0.4,0.1,0.4,1,2.9,108,115,0.1,0.6,0.7,0.053,-3.3,-0.2,7.6,2298385
87,Julian Champagnie,21,2TM,SF,17,18.8,3.5,0.6,0.4,0.3,0.6,1.5,9.7,115,121,0.3,0.1,0.4,0.061,-3.3,-0.1,13.4,508891
405,Julius Randle,28,NYK,PF,77,35.5,10,4.1,0.6,0.3,2.8,3,25.1,117,114,5,3.1,8.1,0.142,3.7,3.9,20.3,23760000
88,Justin Champagnie,21,2TM,SF,5,6.8,1.6,0.8,0.2,0,0,0.4,2.2,96,114,0,0,0,0.009,-7.9,-0.1,10.3,853241
215,Justin Holiday,33,2TM,SF,46,15.3,1.2,0.9,0.4,0.4,0.5,1.5,4.5,99,118,-0.4,0.5,0.1,0.008,-3.9,-0.3,6.6,5987975
236,Justin Jackson,27,BOS,SF,23,4.7,0.7,0.4,0.2,0.2,0.1,0.3,0.9,89,110,-0.1,0.2,0.1,0.025,-2.6,0,6.3,1836090
335,Justin Minaya,23,POR,SF,4,22.3,3.8,1,0.5,1.3,1,2.3,4.3,77,117,-0.2,0.1,-0.1,-0.067,-9,-0.2,4,35096
529,Justise Winslow,26,POR,PF,29,26.8,5,3.4,1,0.4,1.5,3.1,6.8,104,118,-0.1,0.5,0.4,0.022,-2.8,-0.2,9.3,4097561
367,Jusuf Nurki?,28,POR,C,52,26.8,9.1,2.9,0.8,0.8,2.3,3.6,13.3,112,114,1.2,1.5,2.7,0.092,0.1,0.7,17.3,15625000
254,Kai Jones,22,CHO,C,46,12,2.7,0.3,0.4,0.7,0.7,1.4,3.4,106,113,0,0.7,0.7,0.062,-4,-0.3,10.8,2909040
478,Karl-Anthony Towns,27,MIN,PF,29,33,8.1,4.8,0.7,0.6,3,3.8,20.8,117,114,1.5,1.1,2.7,0.133,3,1.2,18.8,33833400
288,Kawhi Leonard,31,LAC,SF,52,33.6,6.5,3.9,1.4,0.5,1.7,1.6,23.8,125,113,4.9,2.2,7.1,0.194,6.1,3.5,23.9,42492492
353,Keegan Murray,22,SAC,SF,80,29.8,4.6,1.2,0.8,0.5,0.8,2,12.2,119,117,2.6,1.7,4.3,0.087,-0.6,0.8,12.3,8008440
32,Keita Bates-Diop,27,SAS,PF,67,21.7,3.7,1.5,0.7,0.3,0.8,0.9,9.7,121,120,2.1,0.6,2.7,0.089,-0.6,0.5,14.9,1878720
246,Keldon Johnson,23,SAS,SF,63,32.7,5,2.9,0.7,0.2,2.1,2,22,108,122,0.7,0.5,1.3,0.03,-1.8,0.1,15.3,3873024
376,Kelly Olynyk,31,UTA,C,68,28.6,6.2,3.7,0.9,0.5,2.5,3.4,12.5,118,115,2.4,1.9,4.3,0.106,0.4,1.2,14.4,12804878
379,Kelly Oubre Jr.,27,CHO,SF,48,32.3,5.2,1.1,1.4,0.4,1.3,2.9,20.3,106,115,0.1,1.5,1.7,0.051,-1.1,0.3,14.8,12600000
495,Kemba Walker,32,DAL,PG,9,16,1.8,2.1,0.2,0.2,0.4,1.2,8,118,119,0.2,0.1,0.3,0.098,-0.3,0.1,15,37281261
65,Kendall Brown,19,IND,SG,6,6.7,1,0.5,0.7,0,0.3,1.5,1.5,109,113,0,0.1,0.1,0.071,-2.9,0,9.1,508891
366,Kendrick Nunn,27,2TM,SG,70,13.8,1.6,1.3,0.4,0.1,0.9,0.9,7.1,100,117,-0.6,0.8,0.2,0.008,-3.5,-0.4,11.1,5250000
89,Kennedy Chandler,20,MEM,PG,36,7.8,1.1,1.6,0.3,0.1,0.5,0.4,2.2,101,112,-0.1,0.4,0.3,0.044,-2.7,0,10.6,1200000
295,Kenneth Lofton Jr.,20,MEM,PF,24,7.3,2.1,0.8,0.2,0.1,0.5,1.2,5,116,111,0.3,0.2,0.5,0.145,-0.4,0.1,20.2,1505966
521,Kenrich Williams,28,OKC,PF,53,22.8,4.9,2,0.8,0.3,0.6,2.1,8,126,114,2,1.3,3.3,0.133,0.5,0.8,14.4,2000000
78,Kentavious Caldwell-Pope,29,DEN,SG,76,31.3,2.7,2.4,1.5,0.5,1.1,1.9,10.8,117,115,2,2.5,4.5,0.091,-1,0.6,11.5,14004703
142,Keon Ellis,23,SAC,SG,16,4.4,0.5,0.4,0.3,0.1,0.1,0.6,1.5,138,114,0.2,0.1,0.2,0.162,1.3,0.1,14,508891
247,Keon Johnson,20,POR,SG,40,10.4,1.1,1.5,0.5,0.2,1.1,1.1,4.7,93,119,-0.7,0.2,-0.5,-0.057,-5.4,-0.4,9,2681040
141,Kessler Edwards,22,2TM,SF,36,10.7,1.7,0.6,0.4,0.2,0.4,1.1,2.8,108,117,0.1,0.3,0.4,0.048,-3.9,-0.2,8.4,1637966
137,Kevin Durant,34,2TM,PF,47,35.6,6.7,5,0.7,1.4,3.3,2.1,29.1,123,113,4.7,2.1,6.8,0.194,7.1,3.9,25.9,44119845
222,Kevin Huerter,24,SAC,SG,75,29.4,3.3,2.9,1.1,0.3,1.3,2.4,15.2,119,117,3.3,1.7,4.9,0.107,1,1.7,15.2,14508929
271,Kevin Knox,23,2TM,SF,63,15.1,2.8,0.5,0.4,0.2,0.8,1.5,6.6,107,119,0.2,0.5,0.7,0.034,-3.5,-0.4,11.1,3000000
299,Kevin Love,34,2TM,PF,62,20,6.4,1.9,0.3,0.2,1.1,1.6,8.2,110,110,0.6,2,2.6,0.099,0.6,0.8,13.1,30556968
389,Kevin Porter Jr.,22,HOU,PG,59,34.3,5.3,5.7,1.4,0.3,3.2,2.6,19.2,112,120,1.9,1,2.9,0.068,0.6,1.3,16.2,3217631
196,Kevon Harris,25,ORL,SG,34,13.4,2.1,0.5,0.5,0.1,0.6,1.6,4.1,110,115,0.2,0.4,0.6,0.065,-3.6,-0.2,9.2,508891
296,Kevon Looney,26,GSW,C,82,23.9,9.3,2.5,0.6,0.6,0.5,2.7,7,147,111,5.9,2.8,8.7,0.212,2.1,2,17.8,8000000
41,Khem Birch,30,TOR,C,20,8.1,1.3,0.4,0.3,0.3,0.4,1.2,2.2,113,115,0.1,0.2,0.2,0.072,-3.5,-0.1,9.4,6667500
332,Khris Middleton,31,MIL,SF,33,24.3,4.2,4.9,0.7,0.2,2.2,2.1,15.1,113,113,1,1,1.9,0.117,0.8,0.6,17.4,37984276
204,Killian Hayes,21,DET,PG,76,28.3,2.9,6.2,1.4,0.4,2.3,2.9,10.3,98,118,-1.9,1.4,-0.5,-0.012,-3.8,-1,10.2,5837760
291,Kira Lewis Jr.,21,NOP,PG,25,9.4,1.3,0.9,0.4,0.1,0.4,1,4.6,118,113,0.3,0.3,0.6,0.122,-0.3,0.1,14.5,4004280
311,KJ Martin,22,HOU,SF,82,28,5.5,1.5,0.5,0.4,1.1,1.8,12.7,126,121,4.2,0.7,4.9,0.103,-0.7,0.7,15.4,1782621
471,Klay Thompson,32,GSW,SF,69,33,4.1,2.4,0.7,0.4,1.8,1.9,21.9,110,117,1.2,1.9,3.1,0.066,-0.3,1,14.7,40600080
445,Kobi Simmons,25,CHO,SG,5,5.6,0.8,1,0,0.4,0.2,0,1,101,117,0,0,0,0.019,-0.9,0,9,32795
136,Kris Dunn,28,UTA,PG,22,25.8,4.5,5.6,1.1,0.5,1.6,2.6,13.2,125,114,1.3,0.6,1.9,0.162,2.4,0.6,19.1,1000001
393,Kristaps Porzi??is,27,WAS,C,65,32.6,8.4,2.7,0.9,1.5,2.1,3,23.2,121,113,5,2.7,7.7,0.174,4.3,3.4,23.1,33833400
10,Kyle Anderson,29,MIN,PF,69,28.4,5.3,4.9,1.1,0.9,1.5,2.1,9.4,120,112,2.5,2.6,5.1,0.125,2.5,2.2,14.8,8780488
278,Kyle Kuzma,27,WAS,PF,64,35,7.2,3.7,0.6,0.5,3,2.3,21.2,103,117,-1,1.9,0.9,0.019,-1.7,0.2,14.3,13000000
300,Kyle Lowry,36,MIA,PG,55,31.2,4.1,5.1,1,0.4,1.9,2.6,11.2,114,114,1.5,1.9,3.4,0.096,0.2,0.9,12.6,28333334
230,Kyrie Irving,30,2TM,SG,60,37.4,5.1,5.5,1.1,0.8,2.1,2.8,27.1,121,116,5.4,2,7.4,0.159,4.1,3.5,22.4,38917057
374,KZ Okpala,23,SAC,PF,35,7.1,1,0.4,0.2,0.2,0.2,1.1,1.3,113,117,0.1,0.2,0.3,0.057,-3.2,-0.1,6.2,1902133
458,Lamar Stevens,25,CLE,SF,62,18.1,3.3,0.5,0.4,0.3,0.4,1.3,5.3,109,111,0.3,1.6,1.9,0.08,-2.8,-0.2,9.5,1782621
21,LaMelo Ball,21,CHO,PG,36,35.2,6.4,8.4,1.3,0.3,3.6,3.3,23.3,108,115,0.6,1.2,1.8,0.068,2.4,1.4,17.9,8623920
439,Landry Shamet,25,PHO,SG,40,20.2,1.7,2.3,0.7,0.1,0.9,1.5,8.7,111,116,0.5,0.7,1.2,0.071,-1.4,0.1,10.9,9500000
356,Larry Nance Jr.,30,NOP,C,65,21.2,5.4,1.8,0.9,0.6,0.6,2,6.8,134,110,2.8,2.1,4.9,0.171,2,1.4,16,9672727
307,Lauri Markkanen,25,UTA,PF,66,34.4,8.6,1.9,0.6,0.6,1.9,2.1,25.6,125,116,6.3,1.9,8.2,0.173,3.8,3.3,22.1,16475454
48,Leandro Bolmaro,22,UTA,SF,14,4.9,0.5,0.5,0.2,0.1,0.5,0.7,0.4,50,118,-0.4,0,-0.3,-0.231,-14.7,-0.2,-5,1709300
239,LeBron James,38,LAL,PF,55,35.5,8.3,6.8,0.9,0.6,3.2,1.6,28.9,114,113,3.2,2.4,5.6,0.138,6.1,4,23.9,44474988
404,Lester Quiñones,22,GSW,SG,4,4.5,0.8,0.5,0.3,0,1.3,0,2.5,87,114,-0.1,0,0,-0.103,-10.2,0,8.6,129405
514,Lindell Wigginton,24,MIL,PG,7,12.4,1,2,0,0.3,1.7,1,7.1,104,117,0,0.1,0.1,0.028,-6.7,-0.1,11.8,99438
503,Lindy Waters III,25,OKC,SG,41,13,1.8,0.7,0.3,0.3,0.2,1,5.2,120,116,0.6,0.5,1.1,0.101,0.1,0.3,11.8,2316876
496,Lonnie Walker IV,24,LAL,SG,56,23.2,1.9,1.1,0.5,0.3,0.8,1.3,11.7,111,117,0.8,1,1.8,0.066,-1.4,0.2,12.2,6479000
267,Louis King,23,PHI,PF,1,29,4,2,1,0,2,4,20,125,116,0.1,0,0.1,0.157,2.3,0,21.3,307089
127,Luguentz Dort,23,OKC,SF,74,30.7,4.6,2.1,1,0.3,1.2,3.3,13.7,109,116,0.9,2.1,2.9,0.062,-3,-0.6,11.3,15277778
125,Luka Don?i?,23,DAL,PG,66,36.2,8.6,8,1.4,0.5,3.6,2.5,32.4,120,113,7.3,2.9,10.2,0.204,8.9,6.6,28.7,37096500
159,Luka Garza,24,MIN,C,28,8.7,2.3,0.6,0.1,0.1,0.5,1.5,6.5,130,117,0.9,0.2,1.1,0.211,-0.4,0.1,23,508891
429,Luka Šamani?,23,UTA,PF,7,23,4.3,2.1,0.9,0.3,1.4,2.4,9.9,105,115,0,0.2,0.2,0.045,-2.1,0,11,538317
264,Luke Kennard,26,2TM,SG,59,22.3,2.7,1.5,0.5,0.1,0.8,1.4,9.3,128,116,2.2,1.2,3.4,0.124,0.5,0.8,13,13745455
275,Luke Kornet,27,BOS,C,69,11.7,2.9,0.8,0.2,0.7,0.4,1.2,3.8,143,111,2.1,1.2,3.3,0.198,1,0.6,16.7,2133278
319,Mac McClung,24,PHI,SG,2,20.5,5,4.5,0,0,1.5,1.5,12.5,119,117,0.1,0,0.1,0.14,0.5,0,19.2,160856
147,Malachi Flynn,24,TOR,PG,53,13,1.4,1.3,0.4,0.1,0.5,1.2,4.6,105,117,0,0.5,0.5,0.034,-4.1,-0.4,8.7,2145720
55,Malaki Branham,19,SAS,SG,66,23.5,2.7,1.9,0.5,0.1,1.2,1.7,10.2,103,123,-0.4,0.2,-0.1,-0.004,-5.2,-1.3,9.5,2925600
60,Malcolm Brogdon,30,BOS,PG,67,26,4.2,3.7,0.7,0.3,1.5,1.6,14.9,122,113,3.6,2.2,5.8,0.161,2.8,2.1,18.2,22600000
212,Malcolm Hill,27,CHI,SF,5,1.8,0.6,0,0,0,0,0.2,1,119,112,0,0,0,0.125,2.4,0,15.4,508891
36,Malik Beasley,26,2TM,SG,81,25.8,3.5,1.5,0.8,0.1,1.1,1.3,12.7,105,117,-0.2,1.6,1.4,0.032,-2,0,10.9,15558035
342,Malik Monk,24,SAC,SG,77,22.3,2.6,3.9,0.6,0.3,1.9,1.6,13.5,114,118,2.1,1.2,3.2,0.091,0.3,1,16.6,9472219
119,Mamadi Diakite,26,CLE,C,22,8,1.4,0.4,0.2,0.4,0.5,1.2,2.6,99,109,-0.1,0.3,0.2,0.051,-3.4,-0.1,9,508891
347,Marcus Morris,33,LAC,PF,65,28.1,4,1.8,0.6,0.3,0.9,2.1,11.2,108,116,0.4,1.6,2,0.053,-1.9,0,10.5,16372093
449,Marcus Smart,28,BOS,PG,61,32.1,3.1,6.3,1.5,0.4,2.3,2.8,11.5,111,112,1,2.7,3.7,0.092,-1,0.5,12.1,17207142
37,MarJon Beauchamp,22,MIL,SF,52,13.5,2.2,0.7,0.4,0.1,0.9,1.4,5.1,99,113,-0.4,0.8,0.4,0.027,-4.8,-0.5,8.2,2485200
522,Mark Williams,21,CHO,C,43,19.3,7.1,0.4,0.7,1,0.9,2.2,9,125,110,1.5,1.3,2.8,0.163,0.1,0.4,19.8,3722040
154,Markelle Fultz,24,ORL,PG,60,29.6,3.9,5.7,1.5,0.4,2.3,2.2,14,113,114,1.7,2,3.7,0.1,0.5,1.2,16.6,16500000
348,Markieff Morris,33,2TM,PF,35,10.1,2,0.9,0.3,0.1,0.5,1.4,3.8,108,115,0.1,0.4,0.4,0.059,-2.7,-0.1,10.4,2905851
446,Marko Simonovic,23,CHI,C,7,2.9,0.3,0,0,0,0,0.7,0.9,88,119,0,0,0,-0.052,-14.4,-0.1,-0.1,1563518
19,Marvin Bagley III,23,DET,C,42,23.6,6.4,0.9,0.5,0.7,1.1,1.9,12,117,118,1.3,0.7,2,0.095,-0.9,0.3,17.2,12500000
385,Mason Plumlee,32,2TM,C,79,26,8.9,3.1,0.6,0.6,1.5,2.7,10.8,134,114,5.5,2.4,7.9,0.185,2.2,2.2,19.6,9080417
473,Matisse Thybulle,25,2TM,SF,71,16.9,2,0.7,1.2,0.5,0.3,1.6,4.1,114,113,0.6,1.5,2.1,0.086,-0.5,0.4,10.5,4379526
427,Matt Ryan,25,2TM,SF,34,9.1,0.8,0.5,0.1,0,0.2,0.8,3.6,109,119,0.1,0.2,0.3,0.044,-3.4,-0.1,8.1,806097
116,Matthew Dellavedova,32,SAC,PG,32,6.7,0.4,1.3,0.2,0,0.3,0.6,1.5,105,119,0,0.1,0.1,0.021,-5.2,-0.2,6.7,2628597
90,Max Christie,19,LAL,SG,41,12.5,1.8,0.5,0.2,0.2,0.3,0.8,3.1,111,116,0.1,0.5,0.6,0.058,-3.1,-0.1,7.4,1017781
460,Max Strus,26,MIA,SF,80,28.4,3.2,2.1,0.5,0.2,0.9,2.1,11.5,113,117,1.5,1.9,3.4,0.071,-1.7,0.2,10.8,1815677
269,Maxi Kleber,31,DAL,PF,37,25.1,3.6,1.4,0.3,0.8,0.7,2.3,5.9,117,118,0.7,0.6,1.3,0.067,-2.2,0,8.7,9000000
533,McKinley Wright IV,24,DAL,PG,27,12.4,1.7,2.1,0.3,0.2,0.7,0.9,4.2,113,118,0.2,0.2,0.5,0.069,-2.7,-0.1,12.4,508891
289,Meyers Leonard,30,MIL,C,9,12.7,3.8,0.1,0.2,0,0.7,1.8,4.8,123,113,0.2,0.1,0.3,0.126,-5,-0.1,12,713558
261,Mfiondu Kabengele,25,BOS,PF,4,9,2.5,0,0.5,0,0.3,0.8,1.5,103,110,0,0.1,0.1,0.067,-8.9,-0.1,8.1,508891
394,Micah Potter,24,UTA,PF,7,7.4,2.3,0.6,0.1,0,0.3,0.7,3.4,145,116,0.2,0,0.2,0.186,3.5,0.1,18.6,508891
85,Michael Carter-Williams,31,ORL,PG,4,11,1.3,1.8,0.3,0.3,1,1.3,4.3,98,116,0,0,0,-0.003,-6.3,0,9,652829
151,Michael Foster Jr.,20,PHI,PF,1,1,0,0,0,0,0,0,0,,122,0,0,0,0.01,-9.2,0,0,106288
390,Michael Porter Jr.,24,DEN,SF,62,29,5.5,1,0.6,0.5,1.1,1.9,17.4,118,115,2.6,1.8,4.3,0.116,0.2,1,16.8,30913750
58,Mikal Bridges,26,2TM,SG,83,35.7,4.4,3.3,1.1,0.7,1.5,1.9,20.1,118,115,4.4,3.1,7.5,0.121,1.7,2.8,16.8,20100000
99,Mike Conley,35,2TM,PG,67,30.3,2.7,6.7,1.1,0.2,1.5,2.1,11.9,125,118,4.1,1.4,5.5,0.13,0.9,1.5,14.7,22680000
354,Mike Muscala,31,2TM,C,63,15,3.2,0.8,0.2,0.4,0.4,1.6,6.1,124,113,1.4,1.1,2.5,0.128,-0.4,0.4,13,3500000
318,Miles McBride,22,NYK,PG,64,11.9,0.8,1.1,0.6,0.1,0.4,0.9,3.5,106,116,0,0.7,0.7,0.047,-2.3,-0.1,8.4,1563518
416,Mitchell Robinson,24,NYK,C,59,27,9.4,0.9,0.9,1.8,0.7,2.7,7.4,142,110,4,2.6,6.5,0.197,2.4,1.7,18.9,17045454
22,Mo Bamba,24,2TM,C,49,15.7,4.6,0.9,0.3,0.9,0.6,2.1,6.6,121,111,1.1,1.1,2.2,0.139,0.5,0.5,15.7,10300000
349,Monte Morris,27,WAS,PG,62,27.3,3.4,5.3,0.7,0.2,1,1.2,10.3,125,118,3.1,1.1,4.2,0.12,0.5,1.1,15,9125000
193,Montrezl Harrell,29,PHI,C,57,11.9,2.8,0.6,0.3,0.4,0.6,1.3,5.6,124,113,1.3,0.8,2.2,0.153,-1.3,0.1,17.6,2463490
492,Moritz Wagner,25,ORL,C,57,19.5,4.5,1.5,0.6,0.2,1.2,2.4,10.5,122,114,2.1,1.3,3.4,0.149,0.6,0.7,17.4,1878720
66,Moses Brown,23,2TM,C,36,8.2,3.9,0.1,0.1,0.4,0.4,1.1,4.3,123,111,0.7,0.4,1.1,0.179,-0.6,0.1,22.2,824041
343,Moses Moody,20,GSW,SG,63,13,1.7,0.8,0.3,0.1,0.5,0.9,4.8,116,117,0.7,0.6,1.3,0.076,-2.6,-0.1,10.3,3740160
118,Moussa Diabaté,21,LAC,C,22,8.9,2.3,0.2,0.3,0.4,0.4,0.7,2.7,117,114,0.2,0.2,0.4,0.105,-2.8,0,14.2,508891
481,Myles Turner,26,IND,C,62,29.4,7.5,1.4,0.6,2.3,1.7,3.5,18,121,114,3.4,2,5.4,0.142,2.1,1.9,20,35096500
308,Naji Marshall,25,NOP,SF,77,23.3,3.6,2.5,0.7,0.2,1.3,1.5,9.1,109,114,0.5,2,2.5,0.068,-1.9,0.1,11.4,1782621
293,Nassir Little,22,POR,SF,54,18.1,2.6,0.9,0.4,0.4,0.7,1.2,6.6,108,120,0.2,0.4,0.7,0.032,-3,-0.3,10.2,4171548
270,Nathan Knight,25,MIN,C,38,7.7,1.5,0.3,0.3,0.2,0.6,1.1,3.7,118,114,0.4,0.3,0.7,0.116,-3.2,-0.1,14.5,1836090
410,Naz Reid,23,MIN,C,68,18.4,4.9,1.1,0.6,0.8,1.4,2.6,11.5,112,110,1.1,1.9,3,0.114,1,1,18.5,1930681
402,Neemias Queta,23,SAC,C,5,5.8,2.2,0.2,0,0.4,0.2,1.4,2.4,127,114,0.1,0,0.1,0.149,-3.4,0,17,508891
363,Nerlens Noel,28,2TM,C,17,11.5,2.7,0.6,0.9,0.6,0.8,1.9,2.1,84,109,-0.3,0.3,0,0.007,-3.8,-0.1,7.9,9391069
94,Nic Claxton,23,BRK,C,76,29.9,9.2,1.9,0.9,2.5,1.3,2.8,12.6,132,108,5.2,4,9.2,0.195,3.1,2.9,20.8,9350000
412,Nick Richards,25,CHO,C,65,18.7,6.4,0.6,0.2,1.1,0.9,2.4,8.2,130,113,2.7,1.5,4.2,0.165,-1.3,0.2,18.3,1782621
6,Nickeil Alexander-Walker,24,2TM,SG,59,15,1.7,1.8,0.5,0.4,0.9,1.5,6.2,109,116,0.3,0.8,1.1,0.062,-0.9,0.2,11.6,5009633
33,Nicolas Batum,34,LAC,PF,78,21.9,3.8,1.6,0.7,0.6,0.6,1.9,6.1,120,114,1.7,1.9,3.6,0.101,0.5,1,11,19700319
249,Nikola Joki?,27,DEN,C,69,33.7,11.8,9.8,1.3,0.7,3.6,2.5,24.5,134,110,11.2,3.8,14.9,0.308,13,8.8,31.5,33047803
259,Nikola Jovi?,19,MIA,PF,15,13.6,2.1,0.7,0.5,0.1,0.7,1.3,5.5,105,114,0,0.2,0.2,0.053,-3.4,-0.1,10.6,2239920
489,Nikola Vu?evi?,32,CHI,C,82,33.5,11,3.2,0.7,0.7,1.7,2.2,17.6,117,110,3.9,4.4,8.3,0.145,2.7,3.2,19.1,22000000
488,Noah Vonleh,27,BOS,C,23,7.4,2.1,0.3,0.1,0.3,0.5,1.5,1.1,101,110,0,0.3,0.2,0.06,-6.3,-0.2,5.9,1160955
396,Norman Powell,29,LAC,SG,60,26.1,2.9,1.8,0.8,0.3,1.7,2.1,17,115,116,2.1,1.4,3.5,0.107,0.3,0.9,17.1,16758621
476,Obi Toppin,24,NYK,PF,67,15.7,2.8,1,0.3,0.2,0.6,1,7.4,116,116,1.1,1,2.1,0.095,-0.5,0.4,13.6,5348280
4,Ochai Agbaji,22,UTA,SG,59,20.5,2.1,1.1,0.3,0.3,0.7,1.7,7.9,115,121,0.9,0.4,1.3,0.053,-3,-0.3,9.5,3918360
14,OG Anunoby,25,TOR,SF,67,35.6,5,2,1.9,0.7,2,3,16.8,113,113,1.8,2.9,4.7,0.094,0.4,1.5,14.6,17357143
431,Olivier Sarr,23,OKC,C,9,12.7,3.4,0.4,0.1,0.6,0.4,1.9,4,116,114,0.1,0.1,0.2,0.094,-4.9,-0.1,11.5,257371
537,Omer Yurtseven,24,MIA,C,9,9.2,2.6,0.2,0.2,0.2,0.4,1.8,4.4,126,112,0.2,0.1,0.3,0.159,-3.9,0,16.7,1752638
372,Onyeka Okongwu,22,ATL,C,80,23.1,7.2,1,0.7,1.3,1,3.1,9.9,134,112,4.7,2.4,7.1,0.185,0.8,1.3,19.4,6395160
417,Orlando Robinson,22,MIA,C,31,13.7,4.1,0.8,0.4,0.4,0.5,1.7,3.7,122,111,0.5,0.6,1.1,0.129,-2.1,0,13.4,386055
59,Oshae Brissett,24,IND,PF,65,16.7,3.4,0.7,0.5,0.2,0.5,1.2,6.1,110,118,0.4,0.7,1.1,0.05,-3.2,-0.3,10.6,1846738
391,Otto Porter Jr.,29,TOR,SF,8,18.3,2.4,1,1.4,0,0.5,0.9,5.5,132,112,0.2,0.2,0.4,0.142,0.7,0.1,14,6000000
122,Ousmane Dieng,19,OKC,PF,39,14.6,2.7,1.2,0.4,0.2,0.7,1.1,4.9,103,115,-0.1,0.6,0.4,0.038,-3.6,-0.2,9.3,4569840
480,P.J. Tucker,37,PHI,PF,75,25.6,3.9,0.8,0.5,0.2,0.6,2.4,3.5,117,116,0.9,1.7,2.5,0.064,-3,-0.5,5.7,11055120
500,P.J. Washington,24,CHO,PF,73,32.6,4.9,2.4,0.9,1.1,1.5,2.6,15.7,107,116,0.4,2.2,2.6,0.052,-1.3,0.4,12.9,35448672
23,Paolo Banchero,20,ORL,PF,72,33.8,6.9,3.7,0.8,0.5,2.8,2.2,20,105,114,-0.3,2.6,2.4,0.047,-1.5,0.3,14.9,5728393
442,Pascal Siakam,28,TOR,PF,71,37.4,7.8,5.8,0.9,0.5,2.4,3.2,24.2,118,115,5.2,2.6,7.8,0.141,3.1,3.4,20.3,2226000
100,Pat Connaughton,30,MIL,SF,61,23.7,4.6,1.3,0.6,0.2,0.5,1.1,7.6,112,113,0.7,1.8,2.5,0.085,-1,0.3,10,13801614
20,Patrick Baldwin Jr.,20,GSW,SF,31,7.3,1.3,0.4,0.2,0.1,0.4,0.5,3.9,101,114,-0.1,0.3,0.1,0.029,-2.1,0,11.3,7775400
39,Patrick Beverley,34,2TM,PG,67,27.1,3.7,2.9,0.9,0.6,0.9,2.8,6.2,113,113,0.8,2.1,3,0.079,-1.2,0.3,8.9,6479000
523,Patrick Williams,21,CHI,PF,82,28.3,4,1.2,0.9,0.9,1.2,1.8,10.2,108,113,0.5,3,3.5,0.072,-1.3,0.4,11.2,42492492
333,Patty Mills,34,BRK,PG,40,14.2,1.1,1.4,0.4,0.1,0.8,0.8,6.2,106,118,0,0.4,0.4,0.035,-3.1,-0.2,10.6,1782621
161,Paul George,32,LAC,SF,56,34.6,6.1,5.1,1.5,0.4,3.1,2.8,23.8,113,113,2.3,2.3,4.6,0.114,2.8,2.3,19.6,2239200
409,Paul Reed,23,PHI,C,69,10.9,3.8,0.4,0.7,0.7,0.7,1.8,4.2,122,105,1.2,1.6,2.8,0.18,-0.1,0.4,19.2,2193960
400,Payton Pritchard,25,BOS,PG,48,13.4,1.8,1.3,0.3,0,0.8,0.8,5.6,105,115,-0.1,0.7,0.6,0.045,-3.4,-0.2,10.3,784654
505,Peyton Watson,20,DEN,SG,23,8.1,1.6,0.5,0.1,0.5,0.3,0.6,3.3,109,114,0.1,0.2,0.3,0.073,-2.8,0,12.8,10490000
131,PJ Dozier,26,SAC,SF,16,4.9,0.9,0.6,0.4,0.1,0.3,0.4,1.4,76,111,-0.3,0.1,-0.2,-0.097,-7.8,-0.1,5.2,5808435
1,Precious Achiuwa,23,TOR,C,55,20.7,6,0.9,0.6,0.5,1.1,1.9,9.2,112,113,0.8,1.4,2.2,0.093,-2.3,-0.1,15.2,2840160
184,Quentin Grimes,22,NYK,SG,71,29.9,3.2,2.1,0.7,0.4,1,2.5,11.3,125,117,3.2,1.6,4.8,0.108,-0.1,1,11.7,2277000
237,Quenton Jackson,24,WAS,PG,9,15,0.9,1.7,0.4,0.1,0.4,1.1,6.2,117,119,0.1,0.1,0.2,0.078,-5.1,-0.1,12.2,219630
188,R.J. Hampton,21,2TM,SG,47,16,1.9,1.1,0.6,0.2,0.9,1.1,6.4,107,118,0.1,0.5,0.7,0.042,-2.9,-0.2,10.8,5849
173,RaiQuan Gray,23,BRK,PF,1,35,9,7,0,1,4,5,16,115,116,0,0,0.1,0.106,-2,0,15.5,2463490
359,Raul Neto,30,CLE,PG,48,10.5,1,1.6,0.4,0.1,0.5,1,3.3,126,113,0.8,0.6,1.5,0.142,-0.2,0.2,12.6,10012800
71,Reggie Bullock,31,DAL,SF,78,30.3,3.6,1.4,0.7,0.2,0.5,2.1,7.2,116,119,1.3,1.4,2.8,0.056,-2.6,-0.4,7.7,11457217
238,Reggie Jackson,32,2TM,PG,68,24.4,2.1,3.4,0.7,0.1,1.7,1.7,10.2,103,118,-0.6,1.2,0.6,0.018,-3.9,-0.8,10,11215260
216,Richaun Holmes,29,SAC,C,42,8.3,1.9,0.2,0.1,0.3,0.3,1.2,3.1,127,118,0.6,0.3,0.8,0.113,-2.9,-0.1,12.9,5853659
425,Ricky Rubio,32,CLE,PG,33,17.2,2.1,3.5,0.8,0.2,0.9,1.5,5.2,103,110,-0.2,0.9,0.7,0.062,-2.8,-0.1,10.4,10900634
29,RJ Barrett,22,NYK,SG,73,33.9,5,2.8,0.4,0.2,2.2,2.5,19.6,107,118,0.5,1.8,2.2,0.043,-3.1,-0.7,12.9,2898243
102,Robert Covington,32,LAC,PF,48,16.2,3.5,1.2,0.8,0.7,0.7,1.8,6,116,110,0.7,1.2,1.9,0.117,1.7,0.7,14.2,12307692
524,Robert Williams,25,BOS,C,35,23.5,8.3,1.4,0.6,1.4,1,1.9,8,143,107,2.3,1.6,3.8,0.224,3.3,1.1,19.8,10714287
298,Robin Lopez,34,CLE,C,37,8.1,1.4,0.5,0.1,0.2,0.7,1.2,3,114,114,0.2,0.3,0.6,0.094,-3,-0.1,11.6,2905851
327,Rodney McGruder,31,DET,SG,32,16.4,2.3,0.9,0.5,0,0.3,1.2,5.7,119,121,0.5,0.2,0.7,0.068,-1.5,0.1,10.7,2298385
281,Romeo Langford,23,SAS,SG,43,19.6,2.7,1.2,0.6,0.3,0.7,1.6,6.9,110,122,0.3,0.2,0.5,0.029,-4.2,-0.5,10.4,5634257
192,Ron Harper Jr.,22,TOR,PF,9,5.3,0.8,0.4,0,0.1,0,0.3,2.2,140,120,0.1,0,0.2,0.158,1.2,0,15.7,508891
369,Royce O'Neale,29,BRK,SF,76,31.7,5.1,3.7,0.9,0.6,1.5,3.1,8.8,108,115,0.4,2.5,2.9,0.057,-1.1,0.5,9.2,9200000
160,Rudy Gay,36,UTA,PF,56,14.6,2.9,1,0.3,0.3,0.7,1.2,5.2,101,117,-0.4,0.7,0.3,0.018,-4,-0.4,9,6184500
167,Rudy Gobert,30,MIN,C,70,30.7,11.6,1.2,0.8,1.4,1.7,3,13.4,127,109,4.3,3.5,7.8,0.174,0.7,1.4,18.9,38172414
185,Rui Hachimura,24,2TM,PF,63,23.3,4.5,0.9,0.3,0.4,0.8,1.1,11.2,109,116,0.6,1.3,1.8,0.06,-2.2,-0.1,13.2,6263188
507,Russell Westbrook,34,2TM,PG,73,29.1,5.8,7.5,1,0.5,3.5,2.2,15.9,104,113,-0.6,2.6,1.9,0.044,0.2,1.2,16.1,47080179
15,Ryan Arcidiacono,28,2TM,PG,20,8.6,0.8,1.2,0.3,0,0.4,0.9,1.3,86,121,-0.2,0.1,-0.2,-0.043,-8.8,-0.3,2.7,1836090
421,Ryan Rollins,20,GSW,PG,12,5.2,1,0.5,0.1,0.1,1.3,0.8,1.9,70,116,-0.3,0.1,-0.3,-0.218,-15,-0.2,-1.4,1017781
286,Saben Lee,23,2TM,PG,25,14.9,1.8,2.7,0.8,0,1,1.3,6,111,113,0.2,0.4,0.7,0.088,-1.8,0,13.1,2266640
40,Saddiq Bey,23,2TM,SF,77,27.6,4.7,1.5,0.9,0.2,0.9,1.6,13.8,117,119,2.6,1.2,3.9,0.087,-0.3,0.9,14.6,2959080
202,Sam Hauser,25,BOS,SF,80,16.1,2.6,0.9,0.4,0.3,0.4,1.2,6.4,124,113,1.8,1.6,3.4,0.128,1,1,12.7,1637966
330,Sam Merrill,26,CLE,SG,5,11.8,1.8,1,0.8,0,0,0.6,5,121,107,0.1,0.1,0.2,0.16,1.2,0,15.5,1105522
303,Sandro Mamukelashvili,23,2TM,C,43,15.3,4.3,1.4,0.3,0.3,0.8,1.2,6.1,111,117,0.4,0.5,0.9,0.063,-2.4,-0.1,13.4,1116112
5,Santi Aldama,22,MEM,PF,77,21.8,4.8,1.3,0.6,0.6,0.8,1.9,9,120,111,2.1,2.4,4.6,0.13,0.5,1.1,13.9,2094120
28,Scottie Barnes,21,TOR,SF,77,34.8,6.6,4.8,1.1,0.8,2,2.2,15.3,113,115,2.3,2.7,5,0.09,0.4,1.6,15.5,7644600
384,Scotty Pippen Jr.,22,LAL,PG,6,5.3,0.7,0.3,0.3,0.2,0.3,0.5,2.3,93,112,-0.1,0,0,-0.017,-5.9,0,9.6,508891
226,Serge Ibaka,33,MIL,C,16,11.6,2.8,0.3,0.1,0.4,0.7,1.4,4.1,105,112,0,0.2,0.2,0.058,-4.5,-0.1,9.8,2905851
107,Seth Curry,32,BRK,SG,61,19.9,1.6,1.6,0.6,0.1,0.8,1.6,9.2,113,117,0.9,0.9,1.8,0.07,-2.1,0,12.3,8496653
441,Shaedon Sharpe,19,POR,SG,80,22.2,3,1.2,0.5,0.3,1,1.7,9.9,109,121,0.6,0.6,1.2,0.032,-3.3,-0.6,11.5,6012960
164,Shai Gilgeous-Alexander,24,OKC,PG,68,35.5,4.8,5.5,1.6,1,2.8,2.8,31.4,125,113,8.4,3,11.4,0.226,7.3,5.6,27.2,30913750
334,Shake Milton,26,PHI,SG,76,20.6,2.5,3.2,0.3,0.2,1.2,1.6,8.4,115,117,1.6,1.2,2.9,0.087,-2,0,12.7,1997718
198,Shaquille Harrison,29,POR,SG,5,24,4.4,6,2.2,0.4,1.2,2.4,8.8,118,111,0.2,0.2,0.3,0.137,0.1,0.1,17.9,134862
148,Simone Fontecchio,27,UTA,SF,52,14.7,1.7,0.8,0.3,0.2,0.8,1.2,6.3,101,120,-0.4,0.3,-0.1,-0.004,-5.2,-0.6,8,3205128
317,Skylar Mays,25,POR,PG,6,31.5,3.2,8.3,1,0.2,1.7,1.8,15.3,132,121,0.6,0.1,0.7,0.171,0,0.1,19.4,116574
123,Spencer Dinwiddie,29,2TM,SG,79,34.5,3.4,6.5,0.8,0.3,1.8,2.4,17.3,118,118,4.5,1.8,6.3,0.111,0.7,1.8,16,19500000
248,Stanley Johnson,26,SAS,SF,30,15.6,3.2,2.2,0.5,0.2,1.1,1.6,5.8,117,119,0.5,0.3,0.7,0.076,-1,0.1,13.5,4022164
482,Stanley Umude,23,DET,SG,1,2,0,0,1,1,0,0,2,126,44,0,0,0,0.626,48.6,0,65.6,58493
108,Stephen Curry,34,GSW,PG,56,34.7,6.1,6.3,0.9,0.4,3.2,2.1,29.4,123,115,5.8,2,7.8,0.192,7.5,4.7,24.1,48070014
67,Sterling Brown,27,LAL,SF,4,6,2,0.5,0.8,0,0,1,0,75,103,0,0.1,0,0.04,-3.3,0,7,3122602
2,Steven Adams,29,MEM,C,42,27,11.5,2.3,0.9,1.1,1.9,2.3,8.6,118,108,1.3,2.1,3.4,0.144,0.6,0.7,17.5,17926829
355,Svi Mykhailiuk,25,2TM,SF,32,14.6,1.7,1.7,0.5,0.1,0.8,0.7,6.9,115,118,0.5,0.3,0.8,0.081,-0.1,0.2,14,3846895
321,T.J. McConnell,30,IND,PG,75,20.3,3.1,5.3,1.1,0.1,1.9,1.4,8.7,116,117,1.9,1.2,3.1,0.098,0.5,1,16.8,2905851
498,T.J. Warren,29,2TM,PF,42,16.4,2.9,1,0.5,0.3,0.5,1.5,7.5,111,114,0.4,0.8,1.2,0.081,-2,0,13.5,10260000
162,Taj Gibson,37,WAS,C,49,9.8,1.9,0.7,0.3,0.2,0.5,1.7,3.4,114,115,0.4,0.5,0.8,0.082,-3.2,-0.1,11.4,3359160
218,Talen Horton-Tucker,22,UTA,SG,65,20.2,3.2,3.8,0.6,0.4,1.9,1.7,10.7,104,117,-0.3,1.1,0.8,0.029,-1.6,0.2,13.7,7100000
139,Tari Eason,21,HOU,PF,82,21.5,6,1.1,1.2,0.6,1.2,2.3,9.3,110,115,0.9,1.7,2.6,0.07,-1.7,0.1,15.2,1930681
399,Taurean Prince,28,MIN,PF,54,22.1,2.4,1.6,0.5,0.3,1.3,2.3,9.1,108,117,0.3,1,1.3,0.052,-3.3,-0.4,10,4000000
304,Terance Mann,26,LAC,SG,81,23.1,3.4,2.3,0.5,0.3,1,1.8,8.8,123,117,2.8,1.5,4.3,0.111,-0.2,0.8,13.4,11500000
112,Terence Davis,25,SAC,SG,64,13.1,2.2,1,0.7,0.2,0.8,1.6,6.7,106,114,0,0.9,0.9,0.054,-1.5,0.1,12.9,21486316
423,Terrence Ross,31,2TM,SG,63,21.1,2.4,1.5,0.6,0.2,0.7,1.5,8.3,110,116,0.5,1.2,1.6,0.059,-2.1,0,10.2,1703902
424,Terry Rozier,28,CHO,SG,63,35.3,4.1,5.1,1.2,0.3,2.1,1.9,21.1,106,117,0.1,1.6,1.7,0.037,-0.6,0.8,14.7,8000000
466,Terry Taylor,23,2TM,PF,31,8.5,1.5,0.3,0.1,0.2,0.3,0.8,2.9,115,121,0.2,0.1,0.3,0.054,-4.1,-0.1,11,1878720
535,Thaddeus Young,34,TOR,PF,54,14.7,3.1,1.4,1,0.1,0.8,1.6,4.4,117,112,0.7,1.1,1.8,0.109,0.1,0.4,14.1,2408891
12,Thanasis Antetokounmpo,30,MIL,PF,37,5.6,1.2,0.4,0.1,0.1,0.3,0.6,1.4,98,114,-0.1,0.2,0.1,0.022,-7.6,-0.3,6.7,1968175
302,Théo Maledon,21,CHO,PG,44,19.4,2.8,3.5,0.8,0.3,1.3,1.4,6.7,105,115,0,0.9,0.8,0.047,-2.5,-0.1,11.6,1968175
383,Theo Pinson,27,DAL,SG,40,8.1,1.6,1.2,0.2,0,0.3,0.9,2.4,114,117,0.2,0.2,0.5,0.071,-3.4,-0.1,10.1,19602273
70,Thomas Bryant,25,2TM,C,59,18.3,5.7,0.5,0.3,0.5,0.6,1.7,9.8,132,112,2.7,1.4,4.1,0.183,0.6,0.7,19.7,8100000
189,Tim Hardaway Jr.,30,DAL,SF,71,30.3,3.5,1.8,0.7,0.2,0.8,1.7,14.4,110,119,1,1.3,2.3,0.051,-1.8,0.1,12.1,2628597
197,Tobias Harris,30,PHI,SF,74,32.9,5.7,2.5,0.9,0.5,1.2,2,14.7,118,114,3.1,2.8,5.9,0.116,0.7,1.7,14.8,37633050
54,Tony Bradley,25,CHI,C,12,2.8,0.9,0.1,0.1,0.1,0.1,0.2,1.6,132,107,0.1,0.1,0.2,0.22,4.9,0.1,21.7,2036318
103,Torrey Craig,32,PHO,PF,79,24.7,5.4,1.5,0.6,0.8,0.9,2.3,7.4,116,113,1.5,2.5,4,0.098,-0.6,0.7,11.6,5121951
536,Trae Young,24,ATL,PG,73,34.8,3,10.2,1.1,0.1,4.1,1.4,26.2,116,119,5.3,1.4,6.7,0.126,3.3,3.4,22,37096500
255,Tre Jones,23,SAS,PG,68,29.2,3.6,6.6,1.3,0.1,1.6,1.4,12.9,117,120,2.6,0.8,3.4,0.082,-1,0.5,16,1782621
305,Tre Mann,21,OKC,PG,67,17.7,2.3,1.8,0.6,0.2,0.9,1.5,7.7,101,116,-0.6,1.1,0.5,0.021,-3.9,-0.6,10,3046200
504,Trendon Watford,22,POR,PF,62,19.1,3.8,2.1,0.5,0.2,1.1,1.9,7.4,118,119,1.3,0.7,2.1,0.084,-1.8,0.1,13.6,1563518
150,Trent Forrest,24,ATL,SG,23,12,1.6,1.7,0.3,0.1,0.7,0.7,2.3,93,118,-0.2,0.2,-0.1,-0.011,-5.1,-0.2,6.1,508891
401,Trevelin Queen,25,IND,SG,7,10,2.4,0.9,0.3,0.7,1,0.6,3,78,116,-0.3,0.1,-0.2,-0.133,-7.2,-0.1,6,838891
221,Trevor Hudgins,23,HOU,PG,5,5.6,0,0.6,0,0,0.2,0.2,1.8,103,128,0,0,0,-0.035,-8.4,0,4.2,508891
263,Trevor Keels,19,NYK,SG,3,2.7,0.7,0,0,0,0,0,1,84,116,0,0,0,-0.062,-13,0,3.7,520589
301,Trey Lyles,27,SAC,PF,74,16.9,4.1,0.9,0.4,0.4,0.9,1.3,7.6,117,116,1.4,1.2,2.6,0.098,-1,0.3,14.2,2625000
350,Trey Murphy III,22,NOP,SF,79,31,3.6,1.4,1.1,0.5,0.8,2,14.5,128,114,4.8,2.8,7.6,0.15,1.8,2.3,15.2,3206520
68,Troy Brown Jr.,23,LAL,SF,76,24.5,4.1,1.3,0.8,0.2,0.6,1.6,7.1,113,115,1,2,2.9,0.075,-1,0.5,9.6,1968175
240,Ty Jerome,25,GSW,SG,45,18.1,1.7,3,0.5,0.1,0.7,1.4,6.9,126,117,1.4,0.7,2.1,0.124,-0.8,0.3,12.8,4728948
126,Tyler Dorsey,26,DAL,SF,3,2.7,0.7,0,0,0,0,0,3,170,121,0.1,0,0.1,0.367,17.8,0,45.5,201802
208,Tyler Herro,23,MIA,SG,67,34.9,5.4,4.2,0.8,0.2,2.4,1.5,20.1,109,115,1.1,2.4,3.5,0.072,0.6,1.6,15.3,5722116
186,Tyrese Haliburton,22,IND,PG,56,33.6,3.7,10.4,1.6,0.4,2.5,1.2,20.7,129,118,6.4,1.2,7.6,0.195,7.2,4.4,23.6,4215120
312,Tyrese Martin,23,ATL,SG,16,4.1,0.8,0.1,0.1,0,0.1,0.1,1.3,98,120,0,0,0,-0.01,-7.4,-0.1,7.7,1017781
316,Tyrese Maxey,22,PHI,SG,60,33.6,2.9,3.5,0.8,0.1,1.3,2.2,20.3,120,117,3.7,1.6,5.4,0.128,0.6,1.3,17,2726880
501,TyTy Washington Jr.,21,HOU,PG,31,14,1.5,1.5,0.5,0.1,0.5,0.9,4.7,99,121,-0.3,0.1,-0.1,-0.016,-6.3,-0.5,7.5,2210040
256,Tyus Jones,26,MEM,PG,80,24.3,2.5,5.2,1,0.1,0.9,0.4,10.3,122,113,3.4,2.3,5.7,0.141,1.6,1.7,16,15000000
18,Udoka Azubuike,23,UTA,C,36,10,3.3,0.3,0.2,0.4,0.5,0.9,3.5,131,114,0.6,0.4,1,0.134,-0.6,0.1,16.1,2174880
201,Udonis Haslem,42,MIA,C,7,10.1,1.6,0,0.1,0.3,0.1,1.6,3.9,94,115,-0.1,0.1,0,-0.009,-12.1,-0.2,6.2,2905851
158,Usman Garuba,20,HOU,C,75,12.9,4.1,0.9,0.6,0.4,0.6,1.8,3,119,115,0.9,0.9,1.8,0.091,-1.4,0.2,12.9,2471160
82,Vernon Carey Jr.,21,WAS,C,11,2.5,1,0.3,0.2,0.2,0.2,0.5,0.5,87,104,-0.1,0.1,0,0.014,-5,0,10.8,1882621
375,Victor Oladipo,30,MIA,SG,42,26.3,3,3.5,1.4,0.3,2.1,2.4,10.7,99,112,-0.9,1.5,0.6,0.024,-2.1,0,10.6,8750000
525,Vince Williams Jr.,22,MEM,SG,15,7,1,0.3,0.4,0.1,0.3,0.8,2,79,110,-0.3,0.2,-0.1,-0.049,-8.5,-0.2,3.9,508891
276,Vit Krejci,22,ATL,PG,29,5.7,0.9,0.6,0.2,0,0.2,0.6,1.2,108,118,0,0.1,0.1,0.042,-3.6,-0.1,7.7,1563518
80,Vlatko ?an?ar,25,DEN,PF,60,14.8,2.1,1.3,0.4,0.2,0.6,1.4,5,119,116,0.9,0.8,1.7,0.093,-1.8,0,11,2234359
265,Walker Kessler,21,UTA,C,74,23,8.4,0.9,0.4,2.3,0.8,2.3,9.2,140,111,4.6,2.5,7.1,0.2,2.9,2.1,21.5,2696400
84,Wendell Carter Jr.,23,ORL,C,57,29.6,8.7,2.3,0.5,0.6,1.9,2.8,15.2,119,113,2.6,2,4.6,0.13,1,1.3,17.3,14150000
345,Wendell Moore Jr.,21,MIN,SG,29,5.3,0.6,0.6,0.3,0.2,0.3,0.4,1.4,98,113,-0.1,0.2,0.1,0.028,-2.4,0,9.3,2306520
155,Wenyen Gabriel,25,LAL,C,68,15.1,4.2,0.5,0.4,0.5,0.7,2.1,5.5,123,113,1.5,1.3,2.8,0.132,-2.2,-0.1,14.4,1878720
315,Wesley Matthews,36,MIL,SF,52,15.8,2.2,0.7,0.4,0.3,0.3,1.4,3.4,113,114,0.3,0.9,1.2,0.073,-2.7,-0.1,7,2905851
30,Will Barton,32,2TM,SG,56,17.7,2.4,2,0.5,0.2,0.9,1,6.8,102,117,-0.4,0.8,0.4,0.021,-2.6,-0.2,10,15059712
207,Willy Hernangómez,28,NOP,C,38,12.1,4.7,0.9,0.4,0.3,1,1.7,6.9,118,108,0.8,0.8,1.6,0.171,0.3,0.3,20.7,2443581
101,Xavier Cooks,27,WAS,PF,10,12.6,3.8,0.6,0.6,0.4,0.8,1.3,3.8,113,112,0.1,0.2,0.2,0.094,-3.6,-0.1,14.3,140384
344,Xavier Moon,28,LAC,SG,4,5,0.8,1.3,0,0,0.3,0.5,1.8,96,119,0,0,0,-0.03,-5.1,0,7.2,116986
455,Xavier Sneed,25,CHO,SF,4,12,1.3,1.3,0,0.3,0.8,1.8,4.3,124,120,0.1,0,0.1,0.086,-3.6,0,9.5,102910
474,Xavier Tillman Sr.,24,MEM,C,61,19.3,5,1.6,1,0.5,0.7,1.6,7,129,109,2.3,1.9,4.2,0.171,1.9,1.2,17.3,1782621
502,Yuta Watanabe,28,BRK,SF,58,16,2.4,0.8,0.4,0.3,0.4,1.4,5.6,125,116,1.3,0.9,2.1,0.111,-0.6,0.3,12.1,1968175
97,Zach Collins,25,SAS,C,63,22.9,6.4,2.9,0.6,0.8,2,3.2,11.6,112,118,1.2,1,2.2,0.074,-0.2,0.6,16.4,7350000
283,Zach LaVine,27,CHI,SG,77,35.9,4.5,4.2,0.9,0.2,2.5,2.1,24.8,116,115,4.2,2.9,7.1,0.123,1.9,2.7,19,37096500
362,Zeke Nnaji,22,DEN,PF,53,13.7,2.6,0.3,0.3,0.4,0.6,2,5.2,120,115,0.9,0.7,1.6,0.106,-3.7,-0.3,12.5,2617800
526,Ziaire Williams,21,MEM,SF,37,15.2,2.1,0.9,0.4,0.2,1,1.6,5.7,97,114,-0.5,0.6,0.1,0.011,-5.6,-0.5,7.4,4591680
527,Zion Williamson,22,NOP,PF,29,33,7,4.6,1.1,0.6,3.4,2.2,26,120,112,2.3,1.2,3.6,0.18,5.8,1.9,25.2,13534817
